Plant_ID,Species,Recorder,Collection_Date,Flower_Count,Flower_1_g,Flower_2_g,Flower_3_g,Flower_4_g,Flower_5_g,Flower_6_g,Flower_7_g,Flower_8_g,Flower_9_g,Flower_10_g,Veg_Mass,NOTES,
A1.ACMPAR.1,ACMPAR,LS,6/6/23,273,0.0004,0.0007,0.0008,0.0003,0.0009,0.0004,0.0007,0.0001,0.001,0.001,1.3498,,
B4.ACMPAR.1,ACMPAR,,,,,,,,,,,,,,,,
C3.ACMPAR.1,ACMPAR,,,,,,,,,,,,,,,,
C8.ACMPAR.1,ACMPAR,,,,,,,,,,,,,,,,
D1.ACMPAR.1,ACMPAR,,,,,,,,,,,,,,,,
E1.ACMPAR.1,ACMPAR,,,,,,,,,,,,,,,,
E3.ACMPAR.1,ACMPAR,,,,,,,,,,,,,,,,
F1.ACMPAR.1,ACMPAR,,,,,,,,,,,,,,,,
G6.ACMPAR.1,ACMPAR,LS,6/6/23,4,0.0011,,,,,,,,,,0.0079,,
G7.ACMPAR.1,ACMPAR,,,,,,,,,,,,,,,,
H2.ACMPAR.1,ACMPAR,,,,,,,,,,,,,,,,
H6.ACMPAR.1,ACMPAR,,,,,,,,,,,,,,,,
I5.ACMPAR.1,ACMPAR,,,,,,,,,,,,,,,,
I6.ACMPAR.1,ACMPAR,,,,,,,,,,,,,,,,
I8.ACMPAR.1,ACMPAR,LS,NA,NA,NA,NA,NA,NA,NA,NA,NA,NA,NA,NA,NA,eaten 6/6/2023,
J2.ACMPAR.1,ACMPAR,,,,,,,,,,,,,,,,
A1.AIRCAR.1,AIRCAR,LS,5/17/23,74,0.000075,0.000025,0.00005,0.000025,0.0002,0.00025,0.00005,6.66667E-05,0.000025,0.00002,0.0235,,
B4.AIRCAR.1,AIRCAR,LS,5/17/23,35,0.0002,0.00005,0.0003,0.00005,0.000025,0.0002,0.0006,0.00002,0.000225,0.00002,0.055,,
C3.AIRCAR.1,AIRCAR,AT,5/17/23,89,0.00005,0.000025,6.66667E-05,0.000166667,6.66667E-05,0.00025,0.00015,0.0013,0.000333333,0.000185714,0.0156,,
C8.AIRCAR.1,AIRCAR,LS,5/17/23,327,0.00005,6.66667E-05,3.33333E-05,3.33333E-05,0.0001,0.00015,3.33333E-05,0.0002,3.33333E-05,0.00005,0.1021,,
D1.AIRCAR.1,AIRCAR,LS,5/17/23,419,2.85714E-05,0.00002,0.0004,0.000166667,0.0002,0.00005,3.33333E-05,0.0001,0.0002,0.00005,0.1524,,
E1.AIRCAR.1,AIRCAR,MR,5/17/23,211,0.0000375,0.00006,0.00002,3.07692E-05,1.42857E-05,0.00004,0.00002,0.00016,0.00004,5.71429E-05,0.0868,,
E3.AIRCAR.1,AIRCAR,AC,5/17/23,487,3.63636E-05,0.00006,0.00015,3.33333E-05,0.000025,0.0001,0.000025,1.42857E-05,0.000075,8.33333E-05,0.09,,
F1.AIRCAR.1,AIRCAR,LS,5/17/23,267,0.0009,3.33333E-05,0.0001,0.00015,0.0008,0.00015,0.0001,0.00005,0.0005,0.0005,0.132,,
G6.AIRCAR.1,AIRCAR,MR,NA,NA,NA,NA,NA,NA,NA,NA,NA,NA,NA,NA,NA,not found 5//17/23,
G7.AIRCAR.1,AIRCAR,LS,5/17/23,266,0.00002,0.000125,6.66667E-05,0.000025,1.66667E-05,6.66667E-05,0.000166667,8.57143E-05,0.0005,3.33333E-05,0.1112,,
H2.AIRCAR.1,AIRCAR,MR,NA,NA,NA,NA,NA,NA,NA,NA,NA,NA,NA,NA,NA,not found 5//17/23,
H6.AIRCAR.1,AIRCAR,MR,5/17/23,321,0.0001,0.0002,0.00005,0.00002,1.66667E-05,1.66667E-05,0.0001,0.00004,0.0000125,0.00005,0.1505,,
I5.AIRCAR.1,AIRCAR,LS,5/17/23,490,3.33333E-05,1.42857E-05,0.0001,0.0004,3.33333E-05,0.00015,0.0002,0.000025,0.0001,3.33333E-05,0.413,,
I6.AIRCAR.1,AIRCAR,LS,5/17/23,346,1.11111E-05,0.000125,0.00005,0.00005,0.0001,0.0003,0.000025,0.00035,0.0002,0.0002,0.0902,,
I8.AIRCAR.1,AIRCAR,LS,5/17/23,294,3.33333E-05,0.0003,0.0002,0.0002,0.0001,0.0002,0.00005,0.00005,0.00002,0.00005,0.1535,,
J2.AIRCAR.1,AIRCAR,LS,5/17/23,159,0.0001,0.00005,0.000125,0.00045,0.0008,0.00005,0.0005,0.00002,3.33333E-05,2.22222E-05,0.085,,
A2.AMSMEN.1,AMSMEN,MR,5/17/23,591,0.0052,0.0059,0.0028,0.0044,0.004,0.006,0.0043,0.0051,0.0053,0.0047,1.37,,
A4.AMSMEN.1,AMSMEN,MR,5/17/23,482,0.0046,0.0027,0.0036,0.0045,0.003,0.003,0.0052,0.002,0.0036,0.0046,8.54,,
B8.AMSMEN.1,AMSMEN,LS,4/27/23,16,0.0011,0.0029,0.0036,0.003,0.002,,,,,,1.24,only 5 full flowers,
C6.AMSMEN.1,AMSMEN,LS,4/8/23,NA,NA,NA,NA,NA,NA,NA,NA,NA,NA,NA,0.6504,"died on 4/8, died before flowering",
C7.AMSMEN.1,AMSMEN,LS,4/12/23,NA,NA,NA,NA,NA,NA,NA,NA,NA,NA,NA,0.2374,"dead on 4/12/23, died before flowering",
D3.AMSMEN.1,AMSMEN,LS,4/8/23,NA,NA,NA,NA,NA,NA,NA,NA,NA,NA,NA,0.5414,probably died before flowering,
D5.AMSMEN.1,AMSMEN,LS,4/8/23,NA,NA,NA,NA,NA,NA,NA,NA,NA,NA,NA,0.9353,"dead 4/8/2023, died before flowering",
E2.AMSMEN.1,AMSMEN,LS,4/8/23,NA,NA,NA,NA,NA,NA,NA,NA,NA,NA,NA,0.3822,"dead 4/8/2023, died before flowering",
E4.AMSMEN.1,AMSMEN,LS,4/8/23,NA,NA,NA,NA,NA,NA,NA,NA,NA,NA,NA,0.7373,"dead 4/8/2023, died before flowering",
F2.AMSMEN.1,AMSMEN,MR,NA,NA,NA,NA,NA,NA,NA,NA,NA,NA,NA,NA,NA,"dead 4/3/23, not collected",
F7.AMSMEN.1,AMSMEN,LS,4/8/23,NA,NA,NA,NA,NA,NA,NA,NA,NA,NA,NA,0.5117,"dead on 4/8, died before flowering",
G4.AMSMEN.1,AMSMEN,LS,4/30/23,72,0.0027,0.0028,0.0101,0.002,0.0078,0.0026,0.0098,0.0025,0.0024,0.0049,2.0989,,
H3.AMSMEN.1,AMSMEN,LS,4/13/23,2,,,,,,,,,,,0.5128,no full flower to weigh,
I3.AMSMEN.1,AMSMEN,LS,5/17/23,39,0.0038,0.0045,0.0034,0.0047,0.0046,0.0036,0.0044,0.0056,0.0072,0.0024,1.07,,
J4.AMSMEN.1,AMSMEN,LS,4/13/23,NA,NA,NA,NA,NA,NA,NA,NA,NA,NA,NA,0.0581,probably died before flowering,
J7.AMSMEN.1,AMSMEN,LS,5/1/23,97,0.0043,0.0045,0.0038,0.0052,0.0039,0.0052,0.0041,0.0037,0.0047,0.004,2.3587,2 samples combined,
A2.AVEBAR.1,AVEBAR,AT,5/5/23,6,0.0072,0.0075,0.0083,0.0096,0.00117,0.0112,,,,,0.2,only 6 flowers in sample,
A3.AVEBAR.1,AVEBAR,AT,7/5/23,1340,0.0408,0.0335,0.039,0.0424,0.0394,0.0535,0.04797,0.029,0.0427,0.0331,118.32,"2 samples, second recorder is LS",
A4.AVEBAR.1,AVEBAR,CC,6/6/23,452,0.0081,0.008,0.0084,0.0086,0.0102,0.0166,0.0062,0.0141,0.0105,0.0142,18.81,,
A5.AVEBAR.1,AVEBAR,MR,NA,545,0.018,0.016,0.0211,0.0145,0.0206,0.0175,0.0287,0.0144,0.0166,0.0118,29.81,2 samples combined second reorder is AT and dated 7/5/23,
A6.AVEBAR.1,AVEBAR,,,,,,,,,,,,,,,,
A7.AVEBAR.1,AVEBAR,LS,8/2/23,1328,0.0142,0.0104,0.0121,0.0152,0.0111,0.0085,0.0139,0.0132,0.0166,0.0136,52.48,2 samples combined,
A8.AVEBAR.1,AVEBAR,MR,6/6/23,599,0.0136,0.0186,0.0243,0.0117,0.0134,0.0163,0.0196,0.0179,0.0197,0.0312,26.37,"3 combined samples, second recorder is LS, third recorder is MR",
B1.AVEBAR.1,AVEBAR,MR,8/2/23,536,0.0179,0.0193,0.0214,0.0153,0.0182,0.019,0.0179,0.0156,0.0131,0.0193,78.94,,
B2.AVEBAR.1,AVEBAR,AT,6/6/23,1606,0.0112,0.0133,0.0177,0.0148,0.0123,0.0109,0.0121,0.0093,0.0076,0.017,61.76,,
B3.AVEBAR.1,AVEBAR,,,,,,,,,,,,,,,,
B5.AVEBAR.1,AVEBAR,AT,6/7/23,911,0.0162,0.01,0.0092,0.0111,0.0145,0.0166,0.0153,0.0134,0.0245,0.0137,44.42,,
B6.AVEBAR.1,AVEBAR,,,,,,,,,,,,,,,,
B7.AVEBAR.1-B1,AVEBAR,,,,,,,,,,,,,,,,
B8.AVEBAR.1,AVEBAR,MR,8/2/23,899,0.0134,0.0208,0.0218,0.0174,0.0121,0.0146,0.0137,0.0167,0.0164,0.0149,38.37,"2 samples combined, second recorder is LS",
C1.AVEBAR.1,AVEBAR,AT,8/2/23,373,0.0256,0.0245,0.0187,0.0121,0.0175,0.0219,0.0198,0.0145,0.0135,0.0155,18.25,"2 samples combined, second recorder is MR",
C2.AVEBAR.1,AVEBAR,LS,2/22/24,332,0.0343,0.0525,0.042,0.0297,0.0465,0.0388,0.0277,0.0551,0.0372,0.0301,18.96,2 samples combined,
C4.AVEBAR.1,AVEBAR,MR,8/2/23,782,0.0354,0.0173,0.0232,0.019,0.0271,0.0253,0.0218,0.0198,0.0175,0.0357,37.3,"2 samples combined, second reorder is LS",
C5.AVEBAR.1,AVEBAR,MR,NA,NA,NA,NA,NA,NA,NA,NA,NA,NA,NA,NA,NA,not found 8/2/23,
C6.AVEBAR.1,AVEBAR,AT,8/2/23,1017,0.0095,0.0175,0.0084,0.0158,0.0252,0.0107,0.015,0.0166,0.0167,0.0159,41.61,,
C7.AVEBAR.1,AVEBAR,MR,8/2/23,611,0.0098,0.0105,0.0147,0.0082,0.0098,0.0177,0.0091,0.0089,0.0177,0.0104,19.11,,
D2.AVEBAR.1,AVEBAR,LS,8/22/23,278,0.123,0.031,0.0231,0.0112,0.0223,0.0215,0.0174,0.0131,0.0214,0.0164,11.09,,
D3.AVEBAR.1,AVEBAR,LS,7/5/23,519,0.021,0.0133,0.0127,0.0183,0.0106,0.0105,0.0131,0.0144,0.0078,0.0178,19.37,,
D4.AVEBAR.1,AVEBAR,MR,8/2/23,518,0.046,0.0581,0.0324,0.0449,0.0421,0.0654,0.034,0.0306,0.0339,0.0582,25.55,,
D5.AVEBAR.1,AVEBAR,MR,7/5/23,148,0.0068,0.0077,0.0071,0.0095,0.0106,0.0078,0.0108,0.0071,0.0084,0.0079,4.6,,
D6.AVEBAR.1,AVEBAR,MR,10/31/23,659,0.021,0.0117,0.0122,0.0138,0.0128,0.0143,0.0157,0.0189,0.0201,0.0172,31.99,,
D7.AVEBAR.1,AVEBAR,,,,,,,,,,,,,,,,
D8.AVEBAR.1,AVEBAR,,,,,,,,,,,,,,,,
E2.AVEBAR.1,AVEBAR,LS,8/4/23,1291,0.0105,0.0153,0.0148,0.0129,0.0122,0.0131,0.0166,0.0134,0.0238,0.0097,62.37,,
E4.AVEBAR.1,AVEBAR,LS,8/4/23,999,0.0142,0.0209,0.0173,0.014,0.0206,0.0164,0.0117,0.0115,0.0178,0.0141,50.68,,
E5.AVEBAR.1,AVEBAR,LS,8/4/23,462,0.0347,0.0293,0.0655,0.0678,0.0343,0.0271,0.0269,0.0292,0.0223,0.0485,25.98,,
E6.AVEBAR.1,AVEBAR,,,,,,,,,,,,,,,,
E7.AVEBAR.1,AVEBAR,MR,10/31/23,675,0.018,0.0299,0.0158,0.0284,0.0292,0.0172,0.0343,0.0334,0.0246,0.0153,31.37,,
E8.AVEBAR.1,AVEBAR,MR,8/4/23,833,0.02,0.0391,0.0168,0.0159,0.0236,0.0225,0.0165,0.0258,0.0234,0.0201,53.41,,
F2.AVEBAR.1,AVEBAR,LS,8/4/23,23,,,,,,,,,,,0.58,no full flowers to weigh,
F3.AVEBAR.1,AVEBAR,MR,NA,NA,NA,NA,NA,NA,NA,NA,NA,NA,NA,NA,NA,not found 6/7/23,
F4.AVEBAR.1,AVEBAR,AT,8/4/23,412,0.0132,0.0105,0.0167,0.0188,0.0121,0.0085,0.0252,0.0096,0.0179,0.0123,14.95,,
F5.AVEBAR.1,AVEBAR,LS,8/4/23,505,0.0151,0.0105,0.0203,0.023,0.015,0.0121,0.022,0.0165,0.0168,0.0144,6.2,,
F6.AVEBAR.1,AVEBAR,MR,6/7/23,59,,,,,,,,,,,2.69,no full flowers to weigh,
F7.AVEBAR.1,AVEBAR,MR,8/4/23,311,0.0131,0.0102,0.0087,0.014,0.0109,0.0078,0.008,0.0117,0.0079,0.0051,11.07,"2 samples combined, second  reorder is AT ",
F8.AVEBAR.1,AVEBAR,LS,10/31/23,705,0.013,0.0249,0.0129,0.0222,0.0158,0.0127,0.0105,0.0256,0.0138,0.0155,42.5,,
G1.AVEBAR.1,AVEBAR,LS,8/4/23,703,0.0172,0.0207,0.0137,0.0195,0.0502,0.0141,0.0213,0.0176,0.0168,0.0173,36.88,,
G2.AVEBAR.1,AVEBAR,MR,8/4/23,1036,0.0128,0.0086,0.0119,0.028,0.0214,0.0163,0.0146,0.0341,0.011,0.0237,40.22,2 samples combined,
G3.AVEBAR.1,AVEBAR,MR,NA,208,0.0418,0.0212,0.0292,0.0359,0.0463,0.0373,0.0353,0.0307,0.033,0.0297,0.67,,
G4.AVEBAR.1,AVEBAR,LS,8/4/23,674,0.0157,0.0148,0.0261,0.0149,0.0161,0.0135,0.0178,0.0131,0.017,0.0186,19.6,,
G5.AVEBAR.1,AVEBAR,LS,8/4/23,891,0.0257,0.0152,0.0169,0.015,0.0155,0.0201,0.016,0.0157,0.0136,0.0181,36.86,,
G8.AVEBAR.1,AVEBAR,AT,8/22/23,466,0.0198,0.0142,0.0184,0.0157,0.0157,0.0152,0.0145,0.0163,0.0147,0.0102,22.51,,
H1.AVEBAR.1,AVEBAR,MR,8/4/23,511,0.0407,0.0247,0.0328,0.0285,0.022,0.0249,0.02,0.0229,0.0453,0.0318,24.81,"2 samples combined, second recorder is LS",
H3.AVEBAR.1,AVEBAR,LS,8/4/23,370,0.016,0.0146,0.0095,0.0158,0.0139,0.0151,0.0128,0.0187,0.0127,0.0103,16.83,,
H4.AVEBAR.1,AVEBAR,,,,,,,,,,,,,,,,
H5.AVEBAR.1,AVEBAR,MR,NA,797,0.0189,0.0253,0.0153,0.0136,0.0175,0.0163,0.0167,0.0272,0.0191,0.0196,49.89,,
H7.AVEBAR.1,AVEBAR,LS,8/4/23,219,0.0137,0.0136,0.0156,0.0117,0.0143,0.0162,0.0181,0.0174,0.0171,0.0164,6.68,,
H8.AVEBAR.1,AVEBAR,LS,8/4/23,277,0.0214,0.0234,0.0278,0.0362,0.0424,0.029,0.0342,0.0287,0.034,0.0339,19.28,,
I1.AVEBAR.1,AVEBAR,MR,8/22/23,1464,0.0265,0.0225,0.0147,0.0188,0.0113,0.0474,0.0185,0.0193,0.0156,0.0163,71.35,,
I2.AVEBAR.1,AVEBAR,LS,8/4/23,359,0.0253,0.0234,0.0572,0.0203,0.0616,0.0326,0.022,0.0501,0.0317,0.0228,19.49,,
I3.AVEBAR.1,AVEBAR,,,,,,,,,,,,,,,,
I4.AVEBAR.1,AVEBAR,AT,8/4/23,273,0.0152,0.0114,0.0091,0.0135,0.0167,0.0152,0.0177,0.0138,0.0115,0.0127,0.74,,
I7.AVEBAR.1,AVEBAR,MR,8/4/23,1351,0.0197,0.0109,0.0274,0.0135,0.0313,0.0142,0.0168,0.0169,0.0116,0.0151,57.62,2 samples combined,
J1.AVEBAR.1,AVEBAR,MR,8/4/23,875,0.0198,0.0197,0.0252,0.0145,0.0239,0.0176,0.021,0.0142,0.0138,0.0196,53.15,"2 samples combined, second recorder is LS",
J3.AVEBAR.1,AVEBAR,MR,NA,809,0.0133,0.0089,0.025,0.0131,0.0181,0.0132,0.0178,0.0152,0.0192,0.0198,22.74,"2 samples combined, second by AT and dated 8/4/23",
J4.AVEBAR.1,AVEBAR,MR,8/4/23,746,0.0176,0.0132,0.0157,0.0094,0.0186,0.0152,0.0106,0.0145,0.0118,0.0115,34.59,,
J5.AVEBAR.1,AVEBAR,MR,8/4/23,152,0.041,0.0357,0.0439,0.0241,0.0303,0.049,0.0343,0.0452,0.032,0.0451,12.99,"2 samples combined, second recorder is LS",
J6.AVEBAR.1,AVEBAR,MR,10/31/23,1638,0.0215,0.0164,0.0191,0.0179,0.0163,0.0261,0.0187,0.0204,0.0179,0.0189,76.92,"2 samples combined, second recorder is LS",
J7.AVEBAR.1,AVEBAR,LS,8/4/23,710,0.012,0.0167,0.0101,0.0211,0.0137,0.0177,0.0158,0.0224,0.0179,0.0113,32.68,,
J8.AVEBAR.1,AVEBAR,,,,,,,,,,,,,,,,
G3.AVEFAT.1,AVEFAT,MR,8/4/23,181,0.0435,0.0521,0.0244,0.0395,0.0535,0.0374,0.0643,0.0469,0.018,0.0451,18.81,,
H4.AVEFAT.1,AVEFAT,MR,8/4/23,280,0.0288,0.0433,0.0318,0.024,0.0307,0.0162,0.0281,0.0215,0.0248,0.0322,11.32,,
A2.BROARE.1,BROARE,MR/LS,5/19/23,107,0.00155,0.001283333,0.001266667,0.00122,0.001033333,0.000766667,0.0011625,0.0011,0.0013,0.0011,0.45,,
A4.BROARE.1,BROARE,AC,6/11/23,421,0.0009,0.001,0.0015,0.0014,0.001,0.0015,0.0023,0.002,0.0011,0.0015,1.16,,
B8.BROARE.1,BROARE,LS,5/22/23,250,0.0015,0.00175,0.000833333,0.0003,0.0022,0.0024,0.0019,0.0013,0.00126,0.0014,0.88,,
C6.BROARE.1,BROARE,MR/JB,7/19/23,900,0.001566667,0.001,0.0022,0.0041,0.002,0.0021,0.0026,0.0009,0.001216667,0.0017,1.88,,
C7.BROARE.1,BROARE,LS,7/19/23,1427,0.002042857,0.0054,0.0026,0.0045,0.0025,0.0048,0.0024,0.0026,0.0019,0.0016,2.14,,
D3.BROARE.1,BROARE,JB,7/19/23,760,0.002171429,0.001722222,0.001945455,0.002075,0.003133333,0.00205,0.001925,0.0028,0.001383333,0.0016,1.79,,
D5.BROARE.1,BROARE,JB,7/19/23,766,0.00145,0.0019,0.0014,0.0016,0.00148,0.001833333,0.0023,0.0034,0.002,0.0024,1.75,,
E2.BROARE.1,BROARE,MR,7/19/23,542,0.0025,0.0021,0.0013,0.0017,0.0032,0.0026,0.0015,0.0024,0.0042,0.0022,1.2,,
E4.BROARE.1,BROARE,LS,7/19/23,336,0.0025,0.00125,0.0018,0.0015,0.0011,0.0018,0.0027,0.0015,0.0016,0.0028,0.75,,
F2.BROARE.1,BROARE,JB,7/19/23,330,0.0042,0.002,0.0017,0.001416667,0.001733333,0.0034,0.001966667,0.0027,0.0015,0.001,1.11,,
F7.BROARE.1,BROARE,LS,5/8/23,134,0.00145,0.0027,0.0039,0.00265,0.00225,0.0023,0.0018,0.0028,0.0024,0.0023,0.4,,
G4.BROARE.1,BROARE,AC,7/19/23,2529,0.0037,0.0022,0.0045,0.0025,0.0023,0.0036,0.0024,0.0026,0.0016,0.0023,4.27,,
H3.BROARE.1,BROARE,LS,7/19/23,827,0.0019,0.0025,0.0022,0.0023,0.002,0.0014,0.0024,0.0017,0.0016,0.0011,2.78,,
I3.BROARE.1,BROARE,LS,7/19/23,663,0.0027,0.001,0.0014,0.0008,0.0017,0.0016,0.00365,0.0011,0.0013,0.0034,1.35,,
J4.BROARE.1,BROARE,LS,7/19/23,725,0.0044,0.0022,0.0016,0.0023,0.0016,0.0033,0.004,0.0018,0.00315,0.006,1.68,,
J7.BROARE.1,BROARE,LS,5/22/23,1030,0.0032,0.0037,0.0029,0.00275,0.0018,0.0016,0.00425,0.0021,0.0017,0.0033,4.62,,
A1.BRODIA.1,BRODIA,AT,5/22/23,633,0.0037,0.007,0.0082,0.008,0.0061,0.0058,0.006,0.0074,0.0046,0.0045,9.35,,
A2.BRODIA.1,BRODIA,,,,,,,,,,,,,,,,
A3.BRODIA.1,BRODIA,OH/JB,5/22/23,1465,0.0073,0.0021,0.00288,0.0022,0.00246,0.0092,0.0083,0.00215,0.00278,0.0014,15,,
A4.BRODIA.1,BRODIA,MH,5/8/23,1145,0.0074,0.0041,0.0037,0.0069,0.0066,0.0054,0.0071,0.0045,0.0054,0.008,15.53,,
A5.BRODIA.1,BRODIA,JB,8/2/23,617,0.0043,0.0036,0.004,0.002125,0.0029,0.0025,0.0051,0.00288,0.006,0.0014,3.86,,
A6.BRODIA.1,BRODIA,LT,8/2/23,737,0.0101,0.0112,0.0063,0.0114,0.005,0.0095,0.0059,0.0093,0.013,0.0104,5.04,,
A7.BRODIA.1,BRODIA,AS,8/2/23,1241,0.0155,0.0166,0.0372,0.0362,0.0523,0.0312,0.0193,0.0192,0.023,0.0308,6.56,,
A8.BRODIA.1,BRODIA,JB,5/23/23,220,0.00445,0.0053,0.003,0.0016,0.0075,0.0022,0.002566667,0.0094,0.0074,0.005,1.53,,
B1.BRODIA.1,BRODIA,MR,5/22/23,744,0.0051,0.0097,0.0101,0.0065,0.0086,0.0049,0.0048,0.0087,0.008,0.0069,9.68,,
B2.BRODIA.1,BRODIA,JB,5/22/23,642,0.003,0.008,0.0074,0.0032,0.0014,0.0028,0.0014,0.0044,0.002475,0.0048,7.9,,
B3.BRODIA.1,BRODIA,MR,5/22/23,806,0.0057,0.0055,0.0056,0.0041,0.0048,0.0042,0.0051,0.0061,0.0068,0.0061,8.47,,
B4.BRODIA.1,BRODIA,JBL,5/22/23,1653,0.011,0.0029,0.0032,0.0015,0.000193333,0.003,0.0048,0.0026,0.0101,0.0041,21.02,,
B5.BRODIA.1,BRODIA,SS,8/2/23,785,0.0059,0.0033,0.0032,0.0037,0.0053,0.0018,0.003,0.0063,0.0025,0.0046,7.34,,
B6.BRODIA.1,BRODIA,JBL,8/2/23,598,0.00395,0.0066,0.0068,0.0082,0.004433333,0.007775,0.00585,0.007366667,0.00305,0.0046,3.81,,
B7.BRODIA.1,BRODIA,MF,5/22/23,763,0.0042,0.0028,0.0049,0.0053,0.0043,0.0056,0.0085,0.0048,0.0047,0.0052,9.21,,
B8.BRODIA.1,BRODIA,LT,8/2/23,615,0.0245,0.0251,0.0241,0.0201,0.0211,0.0305,0.0242,0.0219,0.0187,0.0263,4.73,,
C1.BRODIA.1,BRODIA,JB,8/2/23,1676,0.003616667,0.0033,0.0061,0.005575,0.037,0.003816667,0.0046,0.00495,0.00575,0.0038,11.97,,
C2.BRODIA.1,BRODIA,MR,8/2/23,1770,0.0044,0.0059,0.0069,0.0071,0.0076,0.0115,0.0114,0.0124,0.0084,0.0055,10.11,,
C3.BRODIA.1,BRODIA,AS,5/22/23,1655,0.0116,0.0139,0.031,0.0246,0.0142,0.0265,0.0302,0.0255,0.0305,0.038,23.87,,
C4.BRODIA.1,BRODIA,MR,8/2/23,1174,0.0081,0.008,0.0097,0.0037,0.0051,0.0047,0.01,0.0084,0.0072,0.0078,5.81,,
C5.BRODIA.1,BRODIA,SS,8/2/23,1525,0.0022,0.0051,0.0031,0.01055,0.0076,0.0048,0.0083,0.0081,0.0023,0.008,15.1,,
C6.BRODIA.1,BRODIA,AT,8/2/23,1534,0.0065,0.0139,0.0077,0.0065,0.0048,0.0025,0.0094,0.0047,0.0024,0.005,8.42,,
C7.BRODIA.1,BRODIA,AS,5/22/23,925,0.0259,0.0162,0.0224,0.024,0.0212,0.0238,0.025,0.0289,0.0211,0.0233,6.89,,
C8.BRODIA.1,BRODIA,MH,5/22/23,827,0.0062,0.0042,0.0038,0.0077,0.0031,0.0044,0.0039,0.005,0.004,0.0038,9.93,,
D1.BRODIA.1,BRODIA,MR,8/2/23,1077,0.0061,0.0061,0.0074,0.0065,0.0069,0.0043,0.0072,0.0054,0.0051,0.0059,10.15,,
D2.BRODIA.1,BRODIA,,,,,,,,,,,,,,,,
D3.BRODIA.1,BRODIA,JBL,8/2/23,638,0.00765,0.00395,0.003775,0.003433333,0.0059,0.0082,0.004633333,0.0068,0.0033,0.004633333,3.19,,
D4.BRODIA.1,BRODIA,LT,5/23/23,290,0.0174,0.0221,0.0238,0.0273,0.0228,0.0201,0.0301,0.0259,0.0187,0.0265,3.18,,
D5.BRODIA.1,BRODIA,MH,8/2/23,372,0.005,0.0042,0.0053,0.0034,0.0059,0.0055,0.0072,0.0062,0.0068,0.0039,2.15,,
D6.BRODIA.1,BRODIA,MF,8/2/23,640,0.0046,0.004,0.0056,0.0091,0.0053,0.0083,0.0034,0.0051,0.0048,0.0072,3.02,,
D7.BRODIA.1,BRODIA,MH,8/2/23,901,0.0053,0.0072,0.0047,0.0059,0.0059,0.0056,0.0054,0.009,0.0048,0.0063,4.06,,
D8.BRODIA.1,BRODIA,MH,NA,550,0.0046,0.004,0.0075,0.0048,0.0043,0.0072,0.0054,0.0058,0.005,0.0075,2.93,,
E1.BRODIA.1,BRODIA,AT,6/11/23,960,0.016,0.007,0.0149,0.0148,0.0078,0.0112,0.0046,0.0056,0.0095,0.0052,10.06,,
E2.BRODIA.1,BRODIA,AS,8/2/23,662,0.0213,0.0203,0.0111,0.0114,0.0072,0.0119,0.0206,0.0225,0.0097,0.008,3.26,à,
E3.BRODIA.1,BRODIA,JBL,8/22/23,3383,0.0045,0.0045,0.0081,0.0047,0.0065,0.0032,0.0061,0.0049,0.0041,0.0038,23.81,,
E4.BRODIA.1,BRODIA,MR,8/2/23,181,0.0075,0.0025,0.0048,0.0028,0.007,0.0081,0.0033,0.004,0.0066,0.0086,1.67,,
E5.BRODIA.1,BRODIA,AS,8/2/23,1051,0.0163,0.0219,0.0118,0.0091,0.0098,0.0302,0.0166,0.0155,0.0244,0.0227,4.18,,
E6.BRODIA.1,BRODIA,AT,8/2/23,553,0.0075,0.0026,0.0169,0.0051,0.0166,0.0023,0.0146,0.0084,0.0065,0.0052,3.08,,
E7.BRODIA.1,BRODIA,AS,8/2/23,496,0.0226,0.0113,0.022,0.0156,0.018,0.0099,0.00141,0.00138,0.00157,0.0064,2.45,,
E8.BRODIA.1,BRODIA,JB,8/2/23,747,0.0061,0.0054,0.0048,0.00225,0.0034,0.0064,0.0031,0.005314286,0.0055,0.002,5.84,,
F1.BRODIA.1,BRODIA,MR,8/2/23,1030,0.0078,0.0067,0.0045,0.0035,0.0052,0.0056,0.0071,0.0051,0.0067,0.0073,8.75,,
F2.BRODIA.1,BRODIA,LT,8/2/23,820,0.0092,0.0076,0.0034,0.0101,0.0063,0.0074,0.004,0.006,0.004,0.0055,6.71,,
F2.BRODIA.1,BRODIA,AS,8/2/23,1242,0.0279,0.0307,0.0152,0.0217,0.0147,0.0223,0.0195,0.023,0.0399,0.0293,6.86,,
F3.BRODIA.1,BRODIA,AT,8/2/23,906,0.0121,0.0097,0.0057,0.0082,0.004,0.0046,0.0075,0.0091,0.0084,0.0083,10.81,,
F4.BRODIA.1,BRODIA,MF,5/23/23,768,0.0055,0.003,0.0049,0.0051,0.0082,0.0035,0.0066,0.0032,0.0044,0.0041,7.42,,
F5.BRODIA.1,BRODIA,MR,5/23/23,597,0.0078,0.0065,0.005,0.0062,0.0059,0.0062,0.0056,0.0063,0.0053,0.0047,5.14,,
F6.BRODIA.1,BRODIA,AT,6/11/23,974,0.0052,0.0044,0.0056,0.0116,0.0058,0.0162,0.0059,0.0115,0.0142,0.0064,6.31,,
F7.BRODIA.1,BRODIA,MR,8/2/23,702,0.0046,0.006,0.0138,0.0086,0.0083,0.0065,0.0095,0.0118,0.0062,0.0098,4.55,,
F8.BRODIA.1,BRODIA,AT,8/2/23,1399,0.0037,0.0029,0.0074,0.0101,0.0048,0.0039,0.0032,0.01,0.0016,0.0074,7.95,,
G1.BRODIA.1,BRODIA,MR,5/23/23,172,,,,,,,,,,,2.34,no full flowers,
G2.BRODIA.1,BRODIA,SS,5/22/23,1029,0.0027,0.0078,0.0042,0.0032,0.0059,0.0072,0.0082,0.003,0.00438,0.0031,8.61,,
G3.BRODIA.1,BRODIA,SS,6/11/23,1018,0.0056,0.0048,0.0119,0.00945,0.0078,0.0064,0.0085,0.0151,0.009,0.0078,6.87,,
G4.BRODIA.1,BRODIA,JBL,8/2/23,1446,0.004371429,0.004075,0.0075,0.006633333,0.0052,0.00775,0.00324,0.0114,0.003957143,0.00695,6.39,,
G5.BRODIA.1,BRODIA,LT ,5/23/23,575,0.008,0.0111,0.0103,0.0092,0.0106,0.0108,0.0101,0.0089,0.0104,0.0049,6.73,,
G6.BRODIA.1,BRODIA,MF,8/2/23,1117,0.0059,0.0078,0.0065,0.0036,0.008,0.008,0.0047,0.0076,0.0076,0.0082,7.11,,
G7.BRODIA.1,BRODIA,LT ,8/2/23,1550,0.0067,0.0048,0.0087,0.0041,0.0066,0.0066,0.0076,0.0058,0.0055,0.0057,17.21,,
G8.BRODIA.1,BRODIA,JB,5/23/23,230,0.0051,0.00362,0.0025,0.00515,0.0045,0.003333333,0.0011,0.00302,0.003733333,0.005733333,1.59,,
H1.BRODIA.1,BRODIA,MH,6/11/23,1580,0.0045,0.0064,0.0059,0.0035,0.0073,0.0105,0.0046,0.0044,0.0059,0.0049,12.1,"bag for flowers had lots of small holes, some flowers may be missing",
H2.BRODIA.1,BRODIA,AC,5/23/23,696,0.0067,0.0028,0.0049,0.0077,0.0065,0.0071,0.0067,0.003,0.0047,0.0075,8.06,,
H3.BRODIA.1,BRODIA,MH,8/2/23,973,0.0041,0.0076,0.002,0.0076,0.0059,0.0032,0.0058,0.0068,0.0098,0.0072,5.61,,
H4.BRODIA.1,BRODIA,LT ,5/23/23,950,0.0053,0.0048,0.0042,0.0046,0.0049,0.0046,0.0046,0.0034,0.0033,0.003,8.9,,
H5.BRODIA.1,BRODIA,AT,5/23/23,355,0.0098,0.0048,0.0077,0.004,0.0046,0.0079,0.0058,0.0082,0.0055,0.0074,5.11,,
H6.BRODIA.1,BRODIA,LT ,5/23/23,1339,0.0086,0.0075,0.0076,0.0074,0.0085,0.0075,0.0069,0.0065,0.0085,0.0078,15.9,,
H7.BRODIA.1,BRODIA,MF,5/23/23,308,0.0029,0.0036,0.0038,0.0056,0.0046,0.0031,0.0036,0.0036,0.0041,0.0047,3.52,,
H8.BRODIA.1,BRODIA,MR,8/2/23,1143,0.0059,0.0067,0.0068,0.0065,0.0046,0.0128,0.0035,0.0059,0.005,0.0048,5.6,,
I1.BRODIA.1,BRODIA,,,,,,,,,,,,,,,,
I2.BRODIA.1,BRODIA,LT/JB,6/11/23,1166,0.0026,0.0052,0.0106,0.0031,0.00504,0.01115,0.003325,0.0137,0.004633333,0.008,9.43,,
I3.BRODIA.1,BRODIA,AS/MF,8/3/23,2130,0.0284,0.0377,0.019,0.0382,0.0225,0.0235,0.0203,0.0257,0.0223,0.0325,9.67,,
I4.BRODIA.1,BRODIA,MR,NA,NA,NA,NA,NA,NA,NA,NA,NA,NA,NA,NA,NA,not found 5/15/23,
I5.BRODIA.1,BRODIA,AT,5/23/23,2540,0.0267,0.0264,0.0167,0.0204,0.0276,0.0214,0.0386,0.0231,0.0142,0.0091,26.98,,
I6.BRODIA.1,BRODIA,MR,8/3/23,1244,0.0055,0.0053,0.0049,0.0054,0.007,0.0058,0.0082,0.0043,0.0057,0.0067,6.29,,
I7.BRODIA.1,BRODIA,MR,5/23/23,1075,,,,,,,,,,,8.49,no full flowers,
I8.BRODIA.1,BRODIA,AS,6/11/23,2276,0.0172,0.0165,0.0204,0.0321,0.0172,0.0168,0.0182,0.0268,0.0203,0.0159,4.53,,
J1.BRODIA.1,BRODIA,SS,8/3/23,228,0.0084,0.005,0.0046,0.0053,0.0028,0.0092,0.0066,0.0107,0.0127,0.0103,3.03,,
J1.BRODIA.1,BRODIA,AT,8/3/23,569,0.0033,0.0035,0.0038,0.0095,0.0021,0.0063,0.0031,0.0036,0.0091,0.0062,4.01,duplicate of J1 ,
J2.BRODIA.1,BRODIA,AS,5/23/23,685,0.0212,0.0231,0.0228,0.0287,0.0147,0.0304,0.0288,0.0294,0.0237,0.0202,,still to be found,
J3.BRODIA.1,BRODIA,OH,5/17/23,441,0.0083,0.0062,0.0044,0.0043,0.004,0.0087,0.0037,0.0044,0.0054,0.0043,4.84,"not found 5/17/23, flowers collected in separate bag on 5/23/23",
J4.BRODIA.1,BRODIA,LT,8/3/23,677,0.0108,0.0045,0.0139,0.0113,0.0101,0.0108,0.0084,0.0136,0.0085,0.0101,4.08,,
J5.BRODIA.1,BRODIA,AT,NA,618,0.0067,0.0059,0.0046,0.0062,0.0061,0.0049,0.0072,0.0103,0.0031,0.0026,0.21,,
J6.BRODIA.1,BRODIA,AT,8/3/23,905,0.0076,0.0088,0.0097,0.0043,0.0107,0.0105,0.0111,0.0054,0.0016,0.0023,14.98,,
J7.BRODIA.1,BRODIA,MF,5/23/23,319,0.0056,0.0092,0.0028,0.0095,0.002,0.0111,0.011,0.0084,0.0065,0.0138,2.65,,
J8.BRODIA.1,BRODIA,AS,5/23/23,781,0.0223,0.0251,0.0254,0.0299,0.0228,0.0298,0.0314,0.0264,0.0349,0.0291,7.21,,
A1.BROHOR.1,BROHOR,AT,6/12/23,971,0.0027,0.0012,0.0029,0.003,0.0028,0.0032,0.0033,0.0031,0.0038,0.0051,3.59,,
A3.BROHOR.1,BROHOR,NJ,5/16/23,496,0.001,0.0017,0.0009,0.0009,0.001,0.0014,0.0009,0.0007,0.0008,0.0007,1.66,,
A5.BROHOR.1,BROHOR,AC,5/16/23,226,0.002,0.0013,0.0016,0.0011,0.0011,0.0015,0.0015,0.0012,0.0009,0.0007,0.53,,
A6.BROHOR.1,BROHOR,MR,5/16/23,624,0.0019,0.0015,0.0013,0.0021,0.0005,0.0015,0.0024,0.002,0.0018,0.0019,1.78,,
A7.BROHOR.1,BROHOR,MR,5/16/23,1282,0.0014,0.0018,0.002,0.0019,0.002,0.0016,0.0021,0.0015,0.0015,0.0021,2.2,,
A8.BROHOR.1,BROHOR,AC,5/16/23,1057,0.0018,0.0021,0.002,0.0015,0.002,0.0013,0.0017,0.0019,0.0008,0.0013,2.9,,
B1.BROHOR.1,BROHOR,MR,5/16/23,611,0.0022,0.0023,0.0019,0.0018,0.0015,0.002,0.0022,0.0022,0.0023,0.0024,2.47,,
B2.BROHOR.1,BROHOR,AS,5/16/23,4915,0.0013,0.0015,0.0025,0.0021,0.0019,0.0018,0.0022,0.0027,0.0023,0.0019,15.12,,
B3.BROHOR.1,BROHOR,MH,5/17/23,93,0.0011,0.0009,0.0006,0.0009,0.0013,0.001,0.0011,0.0009,0.0012,0.001,0.21,,
B4.BROHOR.1,BROHOR,MR,NA,NA,NA,NA,NA,NA,NA,NA,NA,NA,NA,NA,NA,not found 5/23/23,
B5.BROHOR.1,BROHOR,MR,5/23/23,224,0.0009,0.0007,0.0006,0.0013,0.0005,0.0015,0.0013,0.0015,0.0009,0.0017,0.48,,
B6.BROHOR.1,BROHOR,MR,5/17/23,2646,0.0022,0.002,0.0021,0.0024,0.0015,0.0023,0.0023,0.0015,0.0017,0.0016,5.73,,
B7.BROHOR.1,BROHOR,MH,7/17/23,394,0.0023,0.0023,0.0019,0.0022,0.002,0.0021,0.0017,0.0017,0.0018,0.0019,1.97,,
C1.BROHOR.1,BROHOR,JBL,5/17/23,501,,,,,,,,,,,1.82,no green flowers,
C2.BROHOR.1,BROHOR,MR,5/23/23,178,0.0007,0.0003,0.0002,0.0004,0.0006,0.0004,0.0003,0.0004,0.0003,0.0006,0.3,,
C3.BROHOR.1,BROHOR,SS,5/17/23,435,0.001,0.0009,0.0014,0.001,0.0015,0.0014,0.0009,0.0011,0.0015,0.0011,1.36,,
C4.BROHOR.1,BROHOR,NJ,5/17/23,510,0.001,0.0011,0.0007,0.0009,0.0008,0.0008,0.0011,0.0009,0.0011,0.0011,1.86,,
C5.BROHOR.1,BROHOR,MR,5/17/23,1104,0.0018,0.0017,0.002,0.0018,0.0014,0.0019,0.0015,0.0019,0.0017,0.0016,2.85,,
C8.BROHOR.1,BROHOR,MR,5/23/23,954,0.002,0.0014,0.0017,0.0014,0.0013,0.0014,0.0015,0.0017,0.0019,0.0016,3.89,,
D1.BROHOR.1,BROHOR,AS,5/24/23,1113,0.0014,0.0014,0.0013,0.0011,0.0015,0.001,0.0007,0.001,0.0016,0.0007,4.63,,
D2.BROHOR.1,BROHOR,LT,5/17/23,351,0.0008,0.0012,0.0015,0.0012,0.0012,0.0011,0.0012,0.0015,0.0011,0.0007,1.42,,
D4.BROHOR.1,BROHOR,LT,5/17/23,1279,0.0014,0.0014,0.0013,0.0012,0.0012,0.0018,0.0015,0.0016,0.0014,0.0013,3.92,(last sample weighed was left in weigh boat. it also had two awns in it)-AS,
D6.BROHOR.1,BROHOR,OH/AS,5/17/23,1145,0.006,0.0013,0.0016,0.0008,0.001,0.0014,0.0011,0.0009,0.0007,0.0009,3.01,,
D7.BROHOR.1,BROHOR,MR,NA,NA,NA,NA,NA,NA,NA,NA,NA,NA,NA,NA,NA,not found 5/17/23,
D8.BROHOR.1,BROHOR,AS,5/17/23,708,0.0008,0.0014,0.0011,0.0012,0.0015,0.002,0.0011,0.0011,0.0018,0.0013,1.19,,
E1.BROHOR.1,BROHOR,MH,5/24/23,2278,0.001,0.0012,0.0014,0.001,0.0008,0.0007,0.0016,0.0013,0.0009,0.0009,9.36,,
E3.BROHOR.1,BROHOR,CC/MR,5/24/23,902,0.0016,0.0006,0.001,0.0013,0.0015,0.0011,0.0012,0.0012,0.0014,0.0011,8.84,,
E5.BROHOR.1,BROHOR,AT,5/17/23,515,0.0011,0.0007,0.0007,0.0008,0.0006,0.0021,0.0012,0.0006,0.0009,0.001,1.43,,
E6.BROHOR.1,BROHOR,JBL,6/12/23,2541,0.001075,0.0011625,0.0008,0.00105,0.00095,0.00085,0.001016667,0.0009,0.00085,0.0006,5.17,,
E7.BROHOR.1,BROHOR,AS/NJ,5/17/23,1117,0.0008,0.0012,0.0009,0.01,0.0003,0.0006,0.0009,0.0001,0.0005,0.0001,2.75,,
E8.BROHOR.1,BROHOR,MR,5/17/23,170,0.0019,0.0022,0.0021,0.0019,0.0012,0.0018,0.0012,0.0012,0.0014,0.002,0.58,,
F1.BROHOR.1,BROHOR,AS,NA,896,NA,NA,NA,NA,NA,NA,NA,NA,NA,NA,3.92,"no green flowers, 2 dates on envelope: 6/12/23 and 8/2/23",
F3.BROHOR.1,BROHOR,MR,5/16/23,225,0.0021,0.0021,0.0019,0.001,0.0022,0.0015,0.0015,0.0018,0.0018,0.0021,0.96,,
F4.BROHOR.1,BROHOR,AC,5/16/23,1574,0.0014,0.0014,0.0009,0.0013,0.0012,0.0006,0.0011,0.0012,0.0011,0.001,4.21,,
F5.BROHOR.1,BROHOR,MH,6/12/23,333,0.0016,0.0016,0.0018,0.0016,0.0015,0.002,0.0018,0.002,0.0018,0.0017,0.03,"bag labeled as ""not found 06/12/23""",
F6.BROHOR.1,BROHOR,MR,5/16/23,347,0.0017,0.0021,0.0022,0.0014,0.0014,0.0018,0.0019,0.0018,0.0016,0.0019,0.67,,
F8.BROHOR.1,BROHOR,LT,NA,1049,0.001,0.0011,0.001,0.001,0.0024,0.0006,0.0013,0.0011,0.001,0.0008,1.9,,
G1.BROHOR.1,BROHOR,CC,5/17/23,132,0.0005,0.0008,0.0013,0.0017,0.0014,0.0006,0.0008,0.0011,0.0013,0.0008,1.9,,
G2.BROHOR.1,BROHOR,AS,5/17/23,890,0.0011,0.0015,0.0011,0.0015,0.0021,0.0015,0.002,0.0015,0.0015,0.0019,2.45,,
G3.BROHOR.1,BROHOR,CC,5/17/23,784,0.0019,0.0019,0.0019,0.0015,0.0006,0.0025,0.0016,0.0017,0.0025,0.0033,1.3,,
G5.BROHOR.1,BROHOR,,5/17/23,596,0.0012,0.0009,0.0009,0.0008,0.0009,0.0011,0.0011,0.001,0.0004,0.0002,1.77,,
G6.BROHOR.1,BROHOR,AC,5/24/23,866,0.0012,0.001,0.0012,0.0014,0.0011,0.0011,0.001,0.0013,0.001,0.0012,2.52,,
G7.BROHOR.1,BROHOR,NJ,5/17/23,538,0.001,0.001,0.0012,0.0008,0.0009,0.012,0.0013,0.0012,0.0011,0.001,1.43,,
G8.BROHOR.1,BROHOR,MR,5/17/23,340,0.0003,0.0008,0.0003,0.0001,0.0001,0.0002,0.0008,0.0001,0.0001,0.0001,1.12,,
H1.BROHOR.1,BROHOR,MR,5/17/23,1132,0.0016,0.0017,0.0018,,,,,,,,1.21,not enough full flowers,
H2.BROHOR.1,BROHOR,MR,NA,415,0.0016,0.0019,0.0013,0.0021,0.0019,0.0021,0.0017,0.002,0.0018,0.0022,1.61,,
H4.BROHOR.1,BROHOR,MR,5/17/23,643,0.0017,0.0016,0.0016,0.0017,0.0018,0.0016,0.002,0.0018,0.0016,0.0021,1.81,,
H5.BROHOR.1,BROHOR,AC,5/24/23,466,0.0021,0.0017,0.0023,0.0019,0.0019,0.0019,0.0019,0.0017,0.0014,0.0015,1.84,,
H6.BROHOR.1,BROHOR,JBL,5/24/23,633,0.0012,0.0005,0.00116,0.000633333,0.0002,0.000875,0.001266667,0.00125,0.000433333,0.000533333,2.82,,
H7.BROHOR.1,BROHOR,AT,5/17/23,358,0.0019,0.0008,0.0013,0.0018,0.0007,0.0018,0.0012,0.0015,0.0011,0.0012,0.99,,
H8.BROHOR.1,BROHOR,MR,5/17/23,2430,0.0012,0.001,0.0017,0.0019,0.0013,0.0018,0.0017,0.0015,0.0011,0.0015,3.16,,
I1.BROHOR.1,BROHOR,MR,5/17/23,1045,0.0021,0.002,0.0011,0.0019,0.0014,0.0015,0.0012,0.0021,0.0024,0.0016,2.54,,
I2.BROHOR.1,BROHOR,AC,5/17/23,136,,,,,,,,,,,0.36,No green flowers found,
I4.BROHOR.1,BROHOR,LT,5/17/23,1240,0.0009,0.0018,0.0013,0.0016,0.0017,0.0015,0.0022,0.0011,0.0013,0.0021,6.28,,
I5.BROHOR.1,BROHOR,SS,5/17/23,772,0.0011,0.002,0.001,0.0016,0.0009,0.0017,0.0012,0.0013,0.0011,0.0015,1.88,,
I6.BROHOR.1,BROHOR,LT,5/24/23,2882,0.0005,0.0004,0.001,0.0008,0.0011,0.0012,0.0009,0.0007,0.0009,0.0007,9.96,,
I7.BROHOR.1,BROHOR,JBL,5/17/23,467,,,,,,,,,,,1.43,no green fls,
I8.BROHOR.1,BROHOR,MR,NA,NA,NA,NA,NA,NA,NA,NA,NA,NA,NA,NA,NA,not found 5/17/23,
J1.BROHOR.1,BROHOR,MR,5/17/23,348,0.0015,0.0025,0.002,0.0015,0.0027,0.0022,0.0025,0.0025,0.0024,0.0018,1.07,,
J2.BROHOR.1,BROHOR,AS,5/17/23,242,0.0019,0.0013,0.0018,0.0018,0.0019,0.0021,0.0021,0.0016,0.0023,0.0021,0.94,,
J3.BROHOR.1,BROHOR,JBL,5/17/23,305,,,,,,,,,,,1.21,no green fls,
J5.BROHOR.1,BROHOR,AS,5/17/23,561,0.0007,0.0019,0.0018,0.0015,0.0017,0.0014,0.0015,0.0022,0.0017,0.0016,4.6,,
J6.BROHOR.1,BROHOR,MH,5/17/23,687,0.002,0.0023,0.0016,0.0017,0.002,0.0018,0.0024,0.0018,0.0026,0.0027,2.4,,
J8.BROHOR.1,BROHOR,MF,5/17/23,805,0.0012,0.0021,0.0027,0.0025,0.0021,0.0022,0.0026,0.002,0.0026,0.0011,1.69,,
A2.BROMAD.1,BROMAD,AS,5/17/23,108,0.0011,0.0009,0.0014,0.0012,0.001,0.0011,0.0008,0.0011,0.0008,0.0009,0.06,,
A4.BROMAD.1,BROMAD,LT,5/17/23,812,0.0013,0.0011,0.0012,0.0012,0.0013,0.0011,0.0012,0.0011,0.0005,0.0012,0.52,,
A5.BROMAD.1,BROMAD,AT,5/17/23,170,0.0005,0.0007,0.0003,0.0005,0.0006,0.0011,0.0008,0.0008,0.0003,0.0006,0.23,,
A6.BROMAD.1,BROMAD,,,,,,,,,,,,,,,,
A7.BROMAD.1,BROMAD,AS/MH,5/17/23,751,0.0003,0.0004,0.0015,0.0013,0.0012,0.0012,0.0013,0.0017,0.0005,0.0004,0.59,2 samples combined,
A8.BROMAD.1,BROMAD,AT,5/17/23,188,0.0005,0.0021,0.0002,0.003,0.0002,0.0021,0.0001,0.0006,0.0009,0.0026,0.16,,
B2.BROMAD.1,BROMAD,SS,5/17/23,55,NA,NA,NA,NA,NA,NA,NA,NA,NA,NA,NA,no green fls,
B3.BROMAD.1,BROMAD,JBL,5/17/23,1150,0.001,0.0012,0.0006,0.0013,0.0009,0.0014,0.0017,0.0012,0.0009,0.0015,3.39,,
B5.BROMAD.1,BROMAD,,,,,,,,,,,,,,,,
B6.BROMAD.1,BROMAD,SS,5/17/23,1046,0.0017,0.0012,0.0014,0.0016,0.0006,0.0012,0.0008,0.0009,0.0024,0.0011,1.55,,
B8.BROMAD.1,BROMAD,MF,5/17/23,642,0.0012,0.0016,0.0019,0.0012,0.0006,0.001,0.0015,0.0014,0.0012,0.0009,0.79,,
C1.BROMAD.1,BROMAD,AC,5/17/23,1070,0.0007,0.0007,0.0011,0.0011,0.0006,0.0007,0.0002,0.0008,0.0013,0.0011,1.45,,
C2.BROMAD.1,BROMAD,LT,5/17/23,126,0.0011,0.0012,0.0015,0.0012,0.0014,0.0011,0.0015,0.0012,0.0011,0.0009,0.27,,
C6.BROMAD.1,BROMAD,LT,5/17/23,700,0.0015,0.0009,0.0008,0.0009,0.0015,0.0007,0.0017,0.0016,0.0014,0.0012,0.52,,
C7.BROMAD.1,BROMAD,MF,5/17/23,716,0.001,0.0014,0.0006,0.0017,0.0006,0.0007,0.0006,0.0012,0.0015,0.0011,0.61,,
D3.BROMAD.1,BROMAD,MR,5/17/23,466,0.0025,0.0011,0.0023,0.0026,0.0028,0.0026,0.0028,0.0027,0.0023,0.0024,0.52,,
D4.BROMAD.1,BROMAD,AS,5/17/23,584,0.0015,0.0004,0.0019,0.0014,0.001,0.0012,0.0016,0.0021,0.0005,0.0012,0.43,,
D5.BROMAD.1,BROMAD,OH,5/17/23,148,0.0006,0.0004,0.0012,0.0011,0.0012,0.001,0.001,0.0013,0.0012,0.0007,0.29,,
D7.BROMAD.1,BROMAD,AS,5/17/23,275,0.0014,0.0011,0.0012,0.0008,0.0005,0.0014,0.0016,0.0014,0.0007,0.0012,0.29,,
D8.BROMAD.1,BROMAD,JBL,5/17/23,423,0.00095,0.002366667,0.00205,0.0021,0.000866667,0.0009,0.00095,0.0006,0.0011,0.00125,0.37,,
E2.BROMAD.1,BROMAD,JBL,5/17/23,1286,0.002,0.000916667,0.000833333,0.000871429,0.0013,0.0011,0.000971429,0.0014,0.00052,0.000888,1.48,,
E4.BROMAD.1,BROMAD,OH,5/17/23,733,0.001,0.0006,0.0011,0.0008,0.0006,0.0012,0.0009,0.0017,0.0008,0.0013,0.92,,
E5.BROMAD.1,BROMAD,AT,5/17/23,1481,0.0007,0.0007,0.0016,0.0004,0.0006,0.0008,0.0003,0.0019,0.0004,0.0004,1.12,,
E6.BROMAD.1,BROMAD,JBL,5/17/23,312,0.0017,0.002033333,0.0021,0.0025,0.00215,0.002,0.0003,0.0024,0.00195,0.0002,0.26,,
E7.BROMAD.1,BROMAD,MR,5/17/23,108,0.0013,0.0011,0.0008,0.0007,0.0008,0.001,0.0005,0.0009,0.0006,0.0008,0.1,,
F2.BROMAD.1,BROMAD,MH,5/17/23,278,0.0012,0.0014,0.0013,0.0012,0.0012,0.001,0.0012,0.0013,0.0011,0.007,0.24, ,
F4.BROMAD.1,BROMAD,MR,5/17/23,1159,0.0017,0.0009,0.0015,0.0017,0.002,0.0022,0.0018,0.0016,0.0022,0.0015,0.83,,
F5.BROMAD.1,BROMAD,AS,5/17/23,925,0.0005,0.0014,0.0005,0.0013,0.0002,0.0022,0.0005,0.0009,0.0016,0.0009,0.61,,
F6.BROMAD.1,BROMAD,MF,5/17/23,466,0.0006,0.0007,0.0007,0.0001,0.0002,0.0002,0.0004,0.0001,0.0001,0.0005,0.21,,
F7.BROMAD.1,BROMAD,MR,5/17/23,513,0.0005,0.0008,0.001,0.0011,0.0009,0.0006,0.0011,0.0009,0.0009,0.001,0.84,,
G2.BROMAD.1,BROMAD,AS,5/17/23,227,0.0019,0.0002,0.0002,0.0017,0.0003,0.0019,0.0016,0.0019,0.0016,0.0017,0.1,,
G3.BROMAD.1,BROMAD,SS,5/17/23,407,0.0007,0.0016,0.0021,0.0011,0.0022,0.0022,0.0012,0.0016,0.0009,0.0006,0.46,,
G4.BROMAD.1,BROMAD,MH,5/17/23,151,0.0005,0.0007,0.0004,0.0004,0.0004,0.0016,0.0015,0.0004,0.0004,0.001,0.11,,
G5.BROMAD.1,BROMAD,LT,5/17/23,161,0.0012,0.0007,0.0003,0.0006,0.0006,0.0003,0.0008,0.0002,0.001,0.0007,0.2,,
H1.BROMAD.1,BROMAD,AS,5/17/23,176,0.0014,0.0011,0.0013,0.0018,0.0013,0.0015,0.0011,0.001,0.0013,0.0014,0.11,,
H3.BROMAD.1,BROMAD,AC,5/17/23,229,0.0006,0.0009,0.0009,0.001,0.0012,0.0013,0.0014,0.0013,0.0012,0.001,0.29,,
H4.BROMAD.1,BROMAD,AS,5/17/23,306,0.0006,0.0002,0.0007,0.0023,0.0005,0.0023,0.0004,0.0021,0.0023,0.0006,0.25,,
H7.BROMAD.1,BROMAD,MH,5/17/23,263,0.0013,0.002,0.0018,0.0009,0.0021,0.0023,0.0021,0.0012,0.0011,0.0023,0.27,,
H8.BROMAD.1,BROMAD,AS,5/17/23,863,0.0002,0.0003,0.0007,0.0029,0.0012,0.0005,0.0008,0.0012,0.0011,0.0014,0.54,,
I2.BROMAD.1,BROMAD,LT,5/17/23,1021,0.0011,0.0005,0.0009,0.001,0.001,0.0008,0.0009,0.0007,0.0006,0.0009,0.93,,
I3.BROMAD.1,BROMAD,MF,5/17/23,1840,0.0009,0.0005,0.001,0.0004,0.0008,0.0011,0.0006,0.0007,0.0003,0.001,1.36,,
I7.BROMAD.1,BROMAD,MH,5/17/23,490,NA,NA,NA,NA,NA,NA,NA,NA,NA,NA,0.39,no green flowers,
J3.BROMAD.1,BROMAD,MR,5/17/23,421,0.0022,0.0009,0.0026,0.0026,0.0012,0.0021,0.0026,0.0025,0.002,0.0024,0.58,,
J4.BROMAD.1,BROMAD,MH,5/17/23,154,0.0007,0.0009,0.0012,0.0011,0.0011,0.0009,0.0007,0.001,0.0007,0.0009,0.07,,
J5.BROMAD.1,BROMAD,AS,5/17/23,356,0.0017,0.0012,0.0013,0.0012,0.0012,0.0016,0.0004,0.0016,0.0005,0.0007,0.32,,
J6.BROMAD.1,BROMAD,MR,5/17/23,796,,,,,,,,,,,0.59,no green flowers,
J7.BROMAD.1,BROMAD,AS,5/17/24,2930,0.0011,0.0011,0.0016,0.0015,0.0019,0.0017,0.0012,0.0006,0.0006,0.0011,2.3,,
J8.BROMAD.1,BROMAD,JBL,5/17/23,522,0.0012,0.0005,0.00094,0.0009,0.00065,0.001025,0.0011,0.0007,0.0006,0.0006,0.42,,
A6.CALMEN.1,CALMEN,,,,,,,,,,,,,,,,
A7.CALMEN.1,CALMEN,MR,NA,NA,NA,NA,NA,NA,NA,NA,NA,NA,NA,NA,NA,sacraficed 4/19/23,
B3.CALMEN.1,CALMEN,MR,5/17/23,7,,,,,,,,,,,0.07,no full flowers,
B6.CALMEN.1,CALMEN,MR,NA,NA,NA,NA,NA,NA,NA,NA,NA,NA,NA,NA,NA,sacraficed 4/19/23,
C2.CALMEN.1,CALMEN,MR,4/28/23,3,,,,,,,,,,,0.0026,no full flowers,
D7.CALMEN.1,CALMEN,,,,,,,,,,,,,,,,
D8.CALMEN.1,CALMEN,MR,NA,NA,NA,NA,NA,NA,NA,NA,NA,NA,NA,NA,NA,"weed, wrong id",
E5.CALMEN.1,CALMEN,MR,NA,NA,NA,NA,NA,NA,NA,NA,NA,NA,NA,NA,NA,sacraficed 4/19/23,
E6.CALMEN.1,CALMEN,MR,4/29/23,8,,,,,,,,,,,0.08,no full flowers,
F6.CALMEN.1,CALMEN,,,,,,,,,,,,,,,,
G3.CALMEN..1,CALMEN,,,,,,,,,,,,,,,,
H1.CALMEN.1,CALMEN,,,,,,,,,,,,,,,,
H8.CALMEN.1,CALMEN,,,,,,,,,,,,,,,,
I2.CALMEN.1,CALMEN,MR,5/11/23,186,0.0029,0.0019,0.0013,0.0027,0.0021,0.0027,0.0036,0.0018,0.0037,0.0035,1.2,,
J5.CALMEN.1,CALMEN,,,,,,,,,,,,,,,,
J8.CALMEN.1,CALMEN,MR,5/11/23,181,0.0106,0.0065,0.009,0.0136,0.0114,0.0107,0.0041,0.0035,0.0075,0.0046,3.19,,
A2.CAUCOU.1,CAUCOU,LS,4/21/23,2,0.0068,0.0058,,,,,,,,,0.1836,"struggling 4/13/23, dead 4/21/23",
A4.CAUCOU.1,CAUCOU,MH,5/11/23,183,0.0088,0.0092,0.0078,0.0059,0.008,0.0073,0.0061,0.0082,0.0091,0.0094,7.73,,
B8.CAUCOU.1,CAUCOU,NA,NA,NA,NA,NA,NA,NA,NA,NA,NA,NA,NA,NA,NA,,
C6.CAUCOU.1,CAUCOU,NA,NA,NA,NA,NA,NA,NA,NA,NA,NA,NA,NA,NA,NA,,
C7.CAUCOU.1,CAUCOU,NA,NA,NA,NA,NA,NA,NA,NA,NA,NA,NA,NA,NA,NA,,
D3.CAUCOU.1,CAUCOU,NA,NA,NA,NA,NA,NA,NA,NA,NA,NA,NA,NA,NA,NA,,
D5.CAUCOU.1,CAUCOU,NA,NA,NA,NA,NA,NA,NA,NA,NA,NA,NA,NA,NA,NA,,
E2.CAUCOU.1,CAUCOU,NA,NA,NA,NA,NA,NA,NA,NA,NA,NA,NA,NA,NA,NA,,
E4.CAUCOU.1,CAUCOU,NA,NA,NA,NA,NA,NA,NA,NA,NA,NA,NA,NA,NA,NA,,
F2.CAUCOU.1,CAUCOU,NA,NA,NA,NA,NA,NA,NA,NA,NA,NA,NA,NA,NA,NA,,
F7.CAUCOU.1,CAUCOU,NA,NA,NA,NA,NA,NA,NA,NA,NA,NA,NA,NA,NA,NA,,
G4.CAUCOU.1,CAUCOU,NA,NA,NA,NA,NA,NA,NA,NA,NA,NA,NA,NA,NA,NA,,
H3.CAUCOU.1,CAUCOU,NA,NA,NA,NA,NA,NA,NA,NA,NA,NA,NA,NA,NA,NA,,
I3.CAUCOU.1,CAUCOU,NA,NA,NA,NA,NA,NA,NA,NA,NA,NA,NA,NA,NA,NA,,
J4.CAUCOU.1,CAUCOU,NA,NA,NA,NA,NA,NA,NA,NA,NA,NA,NA,NA,NA,NA,,
J7.CAUCOU.1,CAUCOU,NA,NA,NA,NA,NA,NA,NA,NA,NA,NA,NA,NA,NA,NA,,
A6.CENMEL.1,CENMEL,SS,8/22/23,747,0.0758,0.1366,0.0382,0.0824,0.0611,0.105,0.0703,0.1221,0.0624,0.1337,49.76,,
A7.CENMEL.1,CENMEL,JBL,8/22/23,657,0.089,0.0828,0.0751,0.0951,0.0269,0.1298,0.0565,0.1159,0.0898,0.08535,55.85,,
B3.CENMEL.1,CENMEL,AT,8/22/23,208,0.1632,0.1729,0.1826,0.2198,0.1787,0.2455,0.1222,0.2107,0.177,0.099,43.18,,
B6.CENMEL.1,CENMEL,MR,8/22/23,699,0.101,0.1998,0.0966,0.1025,0.0692,0.1369,0.068,0.1217,0.1611,0.1563,65.63,,
C2.CENMEL.1,CENMEL,MH/MR,8/22/23,1871,0.1586,0.1828,0.2077,0.2207,0.11566,0.1843,0.1291,0.1099,0.1476,0.1241,77.02,2 samples combined,
D7.CENMEL.1,CENMEL,AT,8/22/23,343,0.1584,0.1386,0.1179,0.1896,0.1481,0.1469,0.1572,0.1087,0.0496,0.1415,33.04,,
D8.CENMEL.1,CENMEL,MR,8/22/23,117,0.1637,0.0888,0.0965,0.0998,0.0852,0.0637,0.0971,0.1599,0.089,0.1141,7.96,,
E5.CENMEL.1,CENMEL,JBL,8/22/23,535,0.1542,0.1079,0.0653,0.1305,0.119,0.0421,0.0802,0.1498,0.1046,0.0453,23.4,,
E6.CENMEL.1,CENMEL,LT,8/22/23,330,0.0421,0.0708,0.0933,0.0996,0.1024,0.1271,0.1115,0.0761,0.1347,0.1768,22.71,,
F6.CENMEL.1,CENMEL,LT,8/22/23,390,0.1373,0.1334,0.1641,0.1565,0.1321,0.1428,0.1535,0.1589,0.1422,0.1633,14.73,,
G3.CENMEL.1,CENMEL,SS,8/22/24,246,0.055,0.0638,0.1381,0.1799,NA,NA,NA,NA,NA,NA,9.36,only 4 green fls,
H1.CENMEL.1,CENMEL,JBL,8/22/24,685,0.1565,0.1115,0.196,0.1071,0.2409,0.0966,0.1834,0.2146,0.1819,0.1281,17.17,,
H8.CENMEL.1,CENMEL,AS,8/22/23,1046,0.1552,0.1898,0.1539,0.1311,0.1824,0.213,0.1868,0.1167,0.1052,0.0963,48.73,,
I2.CENMEL.1,CENMEL,AS,8/22/23,237,0.0232,0.0714,0.0543,0.079,0.0317,0.0642,0.0213,0.0887,0.021,0.0196,4.76,,
J5.CENMEL.1,CENMEL,JBL,8/22/23,1168,NA,NA,NA,NA,NA,NA,NA,NA,NA,NA,59.09,,
J8.CENMEL.1,CENMEL,MF,8/22/23,654,0.1094,0.0644,0.1067,0.0865,0.0932,0.1214,0.1078,0.0949,0.1323,0.1284,50.53,19.31g from unlabeled bag that was in bag with labeled one,
A1.CLAPUR.1,CLAPUR,,,,,,,,,,,,,,,,
A3.CLAPUR.1,CLAPUR,,,,,,,,,,,,,,,,
A5.CLAPUR.1,CLAPUR,,,,,,,,,,,,,,,,
A8.CLAPUR.1,CLAPUR,,,,,,,,,,,,,,,,
B1.CLAPUR.1,CLAPUR,,,,,,,,,,,,,,,,
B2.CLAPUR.1,CLAPUR,,,,,,,,,,,,,,,,
B4.CLAPUR.1,CLAPUR,,,,,,,,,,,,,,,,
B5.CLAPUR.1,CLAPUR,,,,,,,,,,,,,,,,
B7.CLAPUR.1,CLAPUR,,,,,,,,,,,,,,,,
C1.CLAPUR.1,CLAPUR,,,,,,,,,,,,,,,,
C3.CLAPUR.1,CLAPUR,,,,,,,,,,,,,,,,
C4.CLAPUR.1,CLAPUR,,,,,,,,,,,,,,,,
C5.CLAPUR.1,CLAPUR,,,,,,,,,,,,,,,,
C8.CLAPUR.1,CLAPUR,,,,,,,,,,,,,,,,
D1.CLAPUR.1,CLAPUR,,,,,,,,,,,,,,,,
D2.CLAPUR.1,CLAPUR,,,,,,,,,,,,,,,,
D4.CLAPUR.1,CLAPUR,,,,,,,,,,,,,,,,
D6.CLAPUR.1,CLAPUR,,,,,,,,,,,,,,,,
E1.CLAPUR.1,CLAPUR,,,,,,,,,,,,,,,,
E3.CLAPUR.1,CLAPUR,,,,,,,,,,,,,,,,
E7.CLAPUR.1,CLAPUR,,,,,,,,,,,,,,,,
E8.CLAPUR.1,CLAPUR,,,,,,,,,,,,,,,,
F1.CLAPUR.1,CLAPUR,,,,,,,,,,,,,,,,
F3.CLAPUR.1,CLAPUR,,,,,,,,,,,,,,,,
F4.CLAPUR.1,CLAPUR,,,,,,,,,,,,,,,,
F5.CLAPUR.1,CLAPUR,,,,,,,,,,,,,,,,
F8.CLAPUR.1,CLAPUR,,,,,,,,,,,,,,,,
G1.CLAPUR.1,CLAPUR,,,,,,,,,,,,,,,,
G2.CLAPUR.1,CLAPUR,,,,,,,,,,,,,,,,
G5.CLAPUR.1,CLAPUR,,,,,,,,,,,,,,,,
G6.CLAPUR.1,CLAPUR,,,,,,,,,,,,,,,,
G7.CLAPUR.1,CLAPUR,,,,,,,,,,,,,,,,
G8.CLAPUR.1,CLAPUR,,,,,,,,,,,,,,,,
H2.CLAPUR.1,CLAPUR,,,,,,,,,,,,,,,,
H4.CLAPUR.1,CLAPUR,,,,,,,,,,,,,,,,
H5.CLAPUR.1,CLAPUR,,,,,,,,,,,,,,,,
H6.CLAPUR.1,CLAPUR,,,,,,,,,,,,,,,,
H7.CLAPUR.1,CLAPUR,,,,,,,,,,,,,,,,
I1.CLAPUR.1,CLAPUR,,,,,,,,,,,,,,,,
I4.CLAPUR.1,CLAPUR,,,,,,,,,,,,,,,,
I5.CLAPUR.1,CLAPUR,,,,,,,,,,,,,,,,
I6.CLAPUR.1,CLAPUR,,,,,,,,,,,,,,,,
I7.CLAPUR.1,CLAPUR,,,,,,,,,,,,,,,,
I8.CLAPUR.1,CLAPUR,,,,,,,,,,,,,,,,
J1.CLAPUR.1,CLAPUR,,,,,,,,,,,,,,,,
J2.CLAPUR.1,CLAPUR,,,,,,,,,,,,,,,,
J3.CLAPUR.1,CLAPUR,,,,,,,,,,,,,,,,
J6.CLAPUR.1,CLAPUR,,,,,,,,,,,,,,,,
A6.CORFIL.1,CORFIL,,,,,,,,,,,,,,,,
A7.CORFIL.1,CORFIL,,,,,,,,,,,,,,,,
B3.CORFIL.1,CORFIL,,,,,,,,,,,,,,,,
B6.CORFIL.1,CORFIL,,,,,,,,,,,,,,,,
C2.CORFIL.1,CORFIL,,,,,,,,,,,,,,,,
D7.CORFIL.1,CORFIL,,,,,,,,,,,,,,,,
D8.CORFIL.1,CORFIL,,,,,,,,,,,,,,,,
E5.CORFIL.1,CORFIL,,,,,,,,,,,,,,,,
E6.CORFIL.1,CORFIL,,,,,,,,,,,,,,,,
F6.CORFIL.1,CORFIL,,,,,,,,,,,,,,,,
G3.CORFIL.1,CORFIL,,,,,,,,,,,,,,,,
H1.CORFIL.1,CORFIL,,,,,,,,,,,,,,,,
H8.CORFIL.1,CORFIL,,,,,,,,,,,,,,,,
I2.CORFIL.1,CORFIL,,,,,,,,,,,,,,,,
J5.CORFIL.1,CORFIL,,,,,,,,,,,,,,,,
J8.CORFIL.1,CORFIL,,,,,,,,,,,,,,,,
A1.DANCAL.1,DANCAL,NA,NA,NA,NA,NA,NA,NA,NA,NA,NA,NA,NA,NA,NA,,
B4.DANCAL.1,DANCAL,,NA,NA,NA,NA,NA,NA,NA,NA,NA,NA,NA,NA,NA,,
C3.DANCAL.1,DANCAL,,NA,NA,NA,NA,NA,NA,NA,NA,NA,NA,NA,NA,NA,,
C8.DANCAL.1,DANCAL,,NA,NA,NA,NA,NA,NA,NA,NA,NA,NA,NA,NA,NA,,
D1.DANCAL.1,DANCAL,,NA,NA,NA,NA,NA,NA,NA,NA,NA,NA,NA,NA,NA,,
E1.DANCAL.1,DANCAL,,NA,NA,NA,NA,NA,NA,NA,NA,NA,NA,NA,NA,NA,,
E3.DANCAL.1,DANCAL,,NA,NA,NA,NA,NA,NA,NA,NA,NA,NA,NA,NA,NA,,
F1.DANCAL.1,DANCAL,,NA,NA,NA,NA,NA,NA,NA,NA,NA,NA,NA,NA,NA,,
G6.DANCAL.1,DANCAL,,NA,NA,NA,NA,NA,NA,NA,NA,NA,NA,NA,NA,NA,,
G7.DANCAL.1,DANCAL,,NA,NA,NA,NA,NA,NA,NA,NA,NA,NA,NA,NA,NA,,
H2.DANCAL.1,DANCAL,,NA,NA,NA,NA,NA,NA,NA,NA,NA,NA,NA,NA,NA,,
H6.DANCAL.1,DANCAL,,NA,NA,NA,NA,NA,NA,NA,NA,NA,NA,NA,NA,NA,,
I5.DANCAL.1,DANCAL,,NA,NA,NA,NA,NA,NA,NA,NA,NA,NA,NA,NA,NA,,
I6.DANCAL.1,DANCAL,,NA,NA,NA,NA,NA,NA,NA,NA,NA,NA,NA,NA,NA,,
I8.DANCAL.1,DANCAL,,NA,NA,NA,NA,NA,NA,NA,NA,NA,NA,NA,NA,NA,,
J2.DANCAL.1,DANCAL,,NA,NA,NA,NA,NA,NA,NA,NA,NA,NA,NA,NA,NA,,
A1.DAUPUS.1,DAUPUS,MF & AS,8/3/23,278,0.0007,0.00035,0.0004,0.0002,0.00025,0.00002,0.0008,0.000075,0.0003,0.000167,0.57,,
A3.DAUPUS.1,DAUPUS,JBL,8/3/23,1120,0.00045,0.0005,0.00042,0.00034,0.000333333,0.00034,0.00046,0.0004,0.0004,0.0004,2.48,,
B1.DAUPUS.1,DAUPUS,MF,6/12/23,96,0.0002,0.0001,0.0001,0.0003,0.0002,0.0003,0.0003,0.0001,0.0001,0.0001,0.15,,
B4.DAUPUS.1,DAUPUS,,,,,,,,,,,,,,,,
B7.DAUPUS.1,DAUPUS,,,,,,,,,,,,,,,,
C3.DAUPUS.1-C8,DAUPUS,,,,,,,,,,,,,,,,
C4.DAUPUS.1,DAUPUS,MF,8/3/23,248,0.00035,0.00055,0.0002,0.0006,0.0005,0.00002,0.000025,0.0001,0.0007,0.0007,0.44,,
C5.DAUPUS.1,DAUPUS,,,,,,,,,,,,,,,,
C8.DAUPUS.1,DAUPUS,MR,6/12/23,3804,0.0002,0.00035,0.0005,0.0004,0.0006,0.0009,0.0004,0.0002,0.0002,0.0002,7.02,,
D1.DAUPUS.1,DAUPUS,,,,,,,,,,,,,,,,
D2.DAUPUS.1,DAUPUS,MR,8/3/23,485,,,,,,,,,,,1.21,no flowering fls,
D6.DAUPUS.1,DAUPUS,AS,8/3/23,98,0.000175,0.00016,0.000175,0.0003,0.0004,0.0007,0.0003,0.0004,0.00023,0.0016,0.14,,
E1.DAUPUS.1,DAUPUS,JBL,8/3/23,722,0.00055,0.000533333,0.00064,0.00042,0.000566667,0.00046,0.000675,0.000533333,0.001,0.000333333,0.78,,
E3.DAUPUS.1,DAUPUS,MF,8/3/23,788,0.00015,0.0001,0.0002,0.00005,0.00035,0.0001,0.0002,0.0002,0.0002,0.0002,1.35,,
E8.DAUPUS.1,DAUPUS,JBL,8/3/23,60,NA,NA,NA,NA,NA,NA,NA,NA,NA,NA,,no flowers,
F1.DAUPUS.1,DAUPUS,,,,,,,,,,,,,,,,
F3.DAUPUS.1,DAUPUS,AS,5/31/23,31,NA,NA,NA,NA,NA,NA,NA,NA,NA,NA,0.09,no flowering fls,
F8.DAUPUS.1,DAUPUS,JBL,8/3/23,171,NA,NA,NA,NA,NA,NA,NA,NA,NA,NA,0.21,no green flowers,
G1.DAUPUS.1,DAUPUS,,,,,,,,,,,,,,,,
G5.DAUPUS.1,DAUPUS,MR,NA,NA,NA,NA,NA,NA,NA,NA,NA,NA,NA,NA,NA,not found,
G6.DAUPUS.1,DAUPUS,,,,,,,,,,,,,,,,
G7.DAUPUS.1,DAUPUS,AS/JBL,8/3/23,2949,0.0003,0.0002,0.0001,0.0001,0.00055,0.0002,0.0003,0.0001,0.0005,0.0001,5.26,,
G8.DAUPUS.1,DAUPUS,,,,,,,,,,,,,,,,
H2.DAUPUS.1,DAUPUS,,,,,,,,,,,,,,,,
H5.DAUPUS.1,DAUPUS,,,,,,,,,,,,,,,,
H6.DAUPUS.1,DAUPUS,,,,,,,,,,,,,,,,
I1.DAUPUS.1,DAUPUS,,,,,,,,,,,,,,,,
I4.DAUPUS.1,DAUPUS,MR,NA,NA,NA,NA,NA,NA,NA,NA,NA,NA,NA,NA,NA,"missing, not found 6/12/23",
I5.DAUPUS.1,DAUPUS,MR,NA,NA,NA,NA,NA,NA,NA,NA,NA,NA,NA,NA,NA,"not found 5/31/23, herbivory",
I6.DAUPUS.1,DAUPUS,MR,NA,NA,NA,NA,NA,NA,NA,NA,NA,NA,NA,NA,NA,"not found 5/31/23, herbivory",
I8.DAUPUS.1,DAUPUS,AS,5/31/23,71,0.0007,0.0002,0.0004,0.0005,0.0016,0.0004,0.0002,0.0003,0.00045,0.0001,0.39,,
J1.DAUPUS.1,DAUPUS,JBL,8/3/23,164,0.0003,0.0004,0.0004,0.000425,NA,NA,NA,NA,NA,NA,0.22,"not enough flowers to count 10, most were seeds.",
J2.DAUPUS.1,DAUPUS,,,,,,,,,,,,,,,,
A5.ELYCAP.1,ELYCAP,MH,5/26/23,36,0.0036,0.0022,0.0042,0.0039,0.0039,0.0024,0.0037,0.0021,0.002,0.0021,0.34,,
A8.ELYCAP.1,ELYCAP,MH,5/26/23,81,0.0055,0.0056,0.0053,0.0059,0.006,0.006,0.0058,0.0056,0.0065,0.0042,0.66,,
B2.ELYCAP.1,ELYCAP,MR,5/26/23,991,0.0075,0.0049,0.0057,0.0073,0.0043,0.0079,0.0043,0.0037,0.0033,0.0054,10.15,,
B5.ELYCAP.1,ELYCAP,JBL,6/12/24,546,0.0053,0.0062,0.006,0.0056,0.0057,0.0066,0.005,0.0057,0.0058,0.0062,4.25,,
C1.ELYCAP.1,ELYCAP,MR,5/26/23,257,0.0053,0.0053,0.0059,0.0061,0.0058,0.0062,0.0034,0.0066,0.0063,0.0064,2.05,,
D4.ELYCAP.1,ELYCAP,LT,5/26/23,326,0.0043,0.004,0.004,0.0042,0.0036,0.0032,0.0042,0.004,0.0041,0.0035,1.82,,
E7.ELYCAP.1,ELYCAP,AT,5/26/23,163,0.0027,0.0043,0.0043,0.0044,0.003,0.0046,0.0048,0.0047,0.0048,0.0045,1.15,,
F4.ELYCAP.1,ELYCAP,JBL,12/2/23,1055,0.0032,0.0059,0.0033,0.0024,0.0037,0.0028,0.0019,0.0064,0.003,0.0076,5.43,,
F5.ELYCAP.1,ELYCAP,JBL,6/12/23,126,0.0042,0.0017,0.0048,0.0021,0.0035,0.0033,0.0045,0.0039,0.0037,0.0043,0.97,,
G2.ELYCAP.1,ELYCAP,OH,8/23/23,1032,0.0044,0.0032,0.0022,0.0038,0.0045,0.0025,0.004,0.0031,0.0025,0.0033,5.61,,
G5.ELYCAP.1,ELYCAP,LT,8/23/23,473,0.0048,0.0048,0.0047,0.0049,0.0044,0.0042,0.0052,0.0051,0.005,0.0047,2.28,,
H4.ELYCAP.1,ELYCAP,JBL,6/12/23,117,0.0035,0.0038,0.0049,0.0046,0.0037,0.004,0.0045,0.0051,0.0034,0.0052,0.67,,
H7.ELYCAP.1,ELYCAP,LT,5/26/23,494,0.0044,0.004,0.0039,0.0039,0.0039,0.0024,0.0039,0.0046,0.0031,0.0041,2.91,,
I7.ELYCAP.1,ELYCAP,JBL,8/23/24,1081,0.0056,0.0036,0.0056,0.0052,0.0048,0.0028,0.0062,0.0057,0.0054,0.0059,13.67,,
J3.ELYCAP.1,ELYCAP,MH,8/23/23,423,0.0055,0.0048,0.0057,0.0049,0.0051,0.0041,0.005,0.0046,0.0055,0.0062,2.49,,
J6.ELYCAP.1,ELYCAP,MH,8/23/23,1797,0.0029,0.0034,0.007,0.0078,0.0085,0.0077,0.0038,0.0073,0.0037,0.0026,9.25,,
A3.EROBOT.1,EROBOT,NJ,5/27/23,357,0.0135,0.006,0.0062,0.0086,0.006,0.0063,0.0032,0.0066,0.0047,0.0058,18.65,,
A5.EROBOT.1,EROBOT,MR,NA,NA,NA,NA,NA,NA,NA,NA,NA,NA,NA,NA,NA,sacraficed 4/19/23,
A8.EROBOT.1,EROBOT,,,,,,,,,,,,,,,,
B1.EROBOT.1,EROBOT,,,,,,,,,,,,,,,,
B2.EROBOT.1,EROBOT,MR,NA,NA,NA,NA,NA,NA,NA,NA,NA,NA,NA,NA,NA,sacraficed 4/19/23,
B5.EROBOT.1,EROBOT,JBL,5/26/2023+8/23/23,451,0.0067,NA,NA,NA,NA,NA,NA,NA,NA,NA,16.61,"two fls bags, different dates",
B7.EROBOT.1,EROBOT,,,,,,,,,,,,,,,,
C1.EROBOT.1,EROBOT,,,,,,,,,,,,,,,,
C4.EROBOT.1,EROBOT,,,,,,,,,,,,,,,,
C5.EROBOT.1,EROBOT,JBL,5/10/23?+8/23/23,322,NA,NA,NA,NA,NA,NA,NA,NA,NA,NA,16.51,,
D2.EROBOT.1,EROBOT,,,,,,,,,,,,,,,,
D4.EROBOT.1,EROBOT,,,,,,,,,,,,,,,,
D6.EROBOT.1,EROBOT,MR,NA,NA,NA,NA,NA,NA,NA,NA,NA,NA,NA,NA,NA,"not found, wrong plot",
E7.EROBOT.1,EROBOT,AT,7/19/23,6,NA,NA,NA,NA,NA,NA,NA,NA,NA,NA,0.12,no weighable flower ,
E8.EROBOT.1,EROBOT,JBL,7/19/23,203,NA,NA,NA,NA,NA,NA,NA,NA,NA,NA,11.41,,
F3.EROBOT.1,EROBOT,JBL,7/19/23,283,0.0066,NA,NA,NA,NA,NA,NA,NA,NA,NA,13.07,only one purple flower,
F4.EROBOT.1,EROBOT,,,,,,,,,,,,,,,,
F5.EROBOT.1,EROBOT,,,,,,,,,,,,,,,,
F8.EROBOT.1,EROBOT,LT,7/19/23,116,0.0048,0.0027,0.0052,0.0063,0.0033,0.0054,0.0055,0.0058,0.0055,0.0043,6.49,,
G1.EROBOT.1,EROBOT,MR,NA,NA,NA,NA,NA,NA,NA,NA,NA,NA,NA,NA,NA,sacraficed 4/19/23,
G2.EROBOT.1,EROBOT,,,,,,,,,,,,,,,,
G5.EROBOT.1,EROBOT,LT,7/19/23,340,0.0035,0.0056,0.005,0.0071,0.0051,0.0057,0.0098,0.0056,0.0064,0.0061,15.6,,
G8.EROBOT.1,EROBOT,AT,7/19/23,26,0.0052,0.0074,NA,NA,NA,NA,NA,NA,NA,NA,1.01,only 2 weighable flowera,
H4.EROBOT.1,EROBOT,,,,,,,,,,,,,,,,
H5.EROBOT.1,EROBOT,,,,,,,,,,,,,,,,
H7.EROBOT.1,EROBOT,AT,7/19/23,204,0.0082,0.0058,0.0047,0.0078,0.0038,0.0048,0.0059,0.0074,0.0043,0.005,9.43,,
I1.EROBOT.1,EROBOT,,,,,,,,,,,,,,,,
I4.EROBOT.1,EROBOT,MR,NA,NA,NA,NA,NA,NA,NA,NA,NA,NA,NA,NA,NA,sacraficed 4/19/23,
I7.EROBOT.1,EROBOT,,,,,,,,,,,,,,,,
J1.EROBOT.1,EROBOT,SS,8/23/23,508,0.0045,0.0064,0.0051,0.0053,0.0076,0.0067,0.0095,0.0059,0.0054,0.0063,21.59,,
J3.EROBOT.1,EROBOT,AT,7/19/23,12,0.0064,0.0042,0.0133,0.0078,NA,NA,NA,NA,NA,NA,0.28,4 weighable flowers ,
J6.EROBOT.1,EROBOT,,,,,,,,,,,,,,,,
A2.EROCIC.1,EROCIC,,,,,,,,,,,,,,,,
A4.EROCIC.1,EROCIC,IH,6/14/23,22,0.0015,0.0024,0.0028,0.0038,0.0019,,,,,,0.34,,
A6.EROCIC.1,EROCIC,MR,7/19/23,315,0.0023,0.0013,0.0013,0.0013,0.0016,0.0019,0.0019,0.0027,0.0021,0.0021,2.49,,
B3.EROCIC.1,EROCIC,AC,7/19/23,92,0.0019,0.0022,0.0012,0.0018,0.0016,0.003,0.0013,0.0009,0.0013,0.0013,,,
B6.EROCIC.1,EROCIC,,,,,,,,,,,,,,,,
B8.EROCIC.1,EROCIC,MF,7/19/23,831,0.0017,0.0037,0.0044,0.0041,0.03,0.0031,0.0028,0.0019,0.0011,0.0027,5.99,,
C2.EROCIC.1,EROCIC,,,,,,,,,,,,,,,,
C6.EROCIC.1,EROCIC,,,,,,,,,,,,,,,,
C7.EROCIC.1,EROCIC,LS,4/12/23,NA,NA,NA,NA,NA,NA,NA,NA,NA,NA,NA,0.2111,"dead on 4/12/23, died before flowering",
D3.EROCIC.1,EROCIC,OH,5/31/23,25,0.0033,0.0013,0.0013,0.0014,,,,,,,,,
D5.EROCIC.1,EROCIC,MR,NA,NA,NA,NA,NA,NA,NA,NA,NA,NA,NA,NA,NA,not present,
D7.EROCIC.1,EROCIC,,,,,,,,,,,,,,,,
D8.EROCIC.1,EROCIC,,,,,,,,,,,,,,,,
E2.EROCIC.1,EROCIC,NM,7/19/23,137,0.0027,0.0034,0.0015,0.0016,0.0016,0.0018,0.0017,0.003,0.0015,0.0015,,,
E4.EROCIC.1,EROCIC,MR,NA,NA,NA,NA,NA,NA,NA,NA,NA,NA,NA,NA,NA,not present,
E5.EROCIC.1,EROCIC,MF,7/19/23,432,0.0019,0.0013,0.0018,0.0024,0.0022,0.0016,0.0027,0.0003,0.0016,0.0019,2.28,,
E6.EROCIC.1,EROCIC,NM,5/3/23,13,0.0033,0.0021,0.0013,0.0011,0.001,,,,,,,,
F2.EROCIC.1,EROCIC,MF,5/31/23,231,0.0018,0.0027,0.0015,0.0033,0.0028,0.0025,0.0026,0.0024,0.0022,0.0019,2.2,,
F6.EROCIC.1,EROCIC,AC,7/19/23,740,0.0031,0.0019,0.0017,0.0019,0.0019,0.0019,0.002,0.0026,0.002,0.0022,,,
F7.EROCIC.1,EROCIC,,,,,,,,,,,,,,,,
F8.EROCIC.1,EROCIC,MR,NA,NA,NA,NA,NA,NA,NA,NA,NA,NA,NA,NA,NA,wrong,
G3.EROCIC.1,EROCIC,IH,7/19/23,375,0.0029,0.0042,0.0043,0.0027,0.0029,0.0034,0.0028,0.0031,0.0055,0.0023,3.62,,
G4.EROCIC.1,EROCIC,,,,,,,,,,,,,,,,
G5.EROCIC.1,EROCIC,,,,,,,,,,,,,,,,
H1.EROCIC.1,EROCIC,,,,,,,,,,,,,,,,
H3.EROCIC.1,EROCIC,,7/19/23,592,0.0038,0.0027,0.0022,0.0025,0.0031,0.0033,0.0018,0.0026,0.0015,0.0033,15.89,,
H8.EROCIC.1,EROCIC,,,,,,,,,,,,,,,,
I2.EROCIC.1,EROCIC,,,,,,,,,,,,,,,,
I3.EROCIC.1,EROCIC,AC,7/19/23,409,0.0019,0.0033,0.0037,0.0022,0.0023,0.0017,0.0015,0.0017,0.0014,0.0019,4.58,,
J4.EROCIC.1,EROCIC,AC,5/31/23,8,0.0026,0.0021,0.0015,0.0018,,,,,,,0.1017,,
J5.EROCIC.1,EROCIC,AC,7/19/23,152,0.0032,0.0022,0.0019,0.0026,0.0015,0.0028,0.0024,0.0027,0.0025,0.0017,1.55,,
J7.EROCIC.1,EROCIC,AC,6/14/23,36,0.0019,0.0017,0.0018,0.0035,0.0024,0.0025,0.0028,0.0021,0.0013,0.0018,0.2064,,
J8.EROCIC.1,EROCIC,AC,5/31/23,7,,,,,,,,,,,0.0494,"NO FLS, ALL FR",
A1.ESCCAL.1,ESCCAL,,,,,,,,,,,,,,,,
A2.ESCCAL.1,ESCCAL,,,,,,,,,,,,,,,,
A4.ESCCAL.1,ESCCAL,LS,4/13/23,1,0.0371,,,,,,,,,,0.2086,"in bud 3/24/23, in bud 3/30/23, 1 FL 4/5/2023, dead & roots disturbed 4/13/2023",
A6.ESCCAL.1,ESCCAL,,,,,,,,,,,,,,,,
A7.ESCCAL.1,ESCCAL,,,,,,,,,,,,,,,,
B3.ESCCAL.1,ESCCAL,,,,,,,,,,,,,,,,
B4.ESCCAL.1,ESCCAL,,,,,,,,,,,,,,,,
B6.ESCCAL.1,ESCCAL,,,,,,,,,,,,,,,,
B8.ESCCAL.1,ESCCAL,,,,,,,,,,,,,,,,
C2.ESCCAL.1,ESCCAL,,,,,,,,,,,,,,,,
C3.ESCCAL.1,ESCCAL,,,,,,,,,,,,,,,,
C6.ESCCAL.1,ESCCAL,,,,,,,,,,,,,,,,
C7.ESCCAL.1,ESCCAL,LS,4/29/23,NA,NA,NA,NA,NA,NA,NA,NA,NA,NA,NA,1.136,"in bud 3/20/23, in bud 3/30/23, dead 4/29/2023",
C8.ESCCAL.1,ESCCAL,,,,,,,,,,,,,,,,
D1.ESCCAL.1,ESCCAL,,,,,,,,,,,,,,,,
D3.ESCCAL.1,ESCCAL,LS,4/24/23,NA,NA,NA,NA,NA,NA,NA,NA,NA,NA,NA,0.0908,"dying 4/12/2023, dead 4/24/2023, outcompeted by BROARE?, died before flowering",
D5.ESCCAL.1,ESCCAL,,,,,,,,,,,,,,,,
D7.ESCCAL.1,ESCCAL,,,,,,,,,,,,,,,,
D8.ESCCAL.1,ESCCAL,,,,,,,,,,,,,,,,
E1.ESCCAL.1,ESCCAL,,,,,,,,,,,,,,,,
E2.ESCCAL.1,ESCCAL,,,,,,,,,,,,,,,,
E3.ESCCAL.1,ESCCAL,,,,,,,,,,,,,,,,
E4.ESCCAL.1,ESCCAL,,,,,,,,,,,,,,,,
E5.ESCCAL.1,ESCCAL,,,,,,,,,,,,,,,,
E6.ESCCAL.1,ESCCAL,,,,,,,,,,,,,,,,
F1.ESCCAL.1,ESCCAL,,,,,,,,,,,,,,,,
F2.ESCCAL.1,ESCCAL,,,,,,,,,,,,,,,,
F6.ESCCAL.1,ESCCAL,,,,,,,,,,,,,,,,
F7.ESCCAL.1,ESCCAL,,,,,,,,,,,,,,,,
G3.ESCCAL.1,ESCCAL,,,,,,,,,,,,,,,,
G4.ESCCAL.1,ESCCAL,,,,,,,,,,,,,,,,
G6.ESCCAL.1,ESCCAL,,,,,,,,,,,,,,,,
G7.ESCCAL.1,ESCCAL,,,,,,,,,,,,,,,,
H1.ESCCAL.1,ESCCAL,,,,,,,,,,,,,,,,
H2.ESCCAL.1,ESCCAL,,,,,,,,,,,,,,,,
H3.ESCCAL.1,ESCCAL,,,,,,,,,,,,,,,,
H6.ESCCAL.1,ESCCAL,,,,,,,,,,,,,,,,
H8.ESCCAL.1,ESCCAL,,,,,,,,,,,,,,,,
I2.ESCCAL.1,ESCCAL,,,,,,,,,,,,,,,,
I3.ESCCAL.1,ESCCAL,,,,,,,,,,,,,,,,
I5.ESCCAL.1,ESCCAL,,,,,,,,,,,,,,,,
I6.ESCCAL.1-I5,ESCCAL,,,,,,,,,,,,,,,,
I8.ESCCAL.1,ESCCAL,,,,,,,,,,,,,,,,
J2.ESCCAL.1,ESCCAL,,,,,,,,,,,,,,,,
J4.ESCCAL.1,ESCCAL,,,,,,,,,,,,,,,,
J5.ESCCAL.1,ESCCAL,,,,,,,,,,,,,,,,
J7.ESCCAL.1,ESCCAL,,,,,,,,,,,,,,,,
J8.ESCCAL.1,ESCCAL,,,,,,,,,,,,,,,,
A1.GALPAR.1,GALPAR,JBL,8/23/23,199,0.00015,0.00015,0.0001625,0.0001875,0.0002,0.0002,0.0002,0.000166667,0.00022,0.000216667,0.07,counted fruits not flowers,
B4.GALPAR.1,GALPAR,MR,5/31/23,643,0.00015,0.00014,0.00013,0.00024,0.000125,0.00015,0.00008,0.000116667,0.000133333,0.00014,0.23,counted fruits not flowers,
C3.GALPAR.1,GALPAR,JBL,8/23/23,"1,295",0.000163636,0.0001125,0.00015,0.00017,7.14286E-05,0.000122222,0.0001,0.000144444,0.00015,0.0001125,0.55,counted fruits not flowers,
C8.GALPAR.1,GALPAR,MR,NA,NA,NA,NA,NA,NA,NA,NA,NA,NA,NA,NA,NA,not found 5/31/23,
D1.GALPAR.1,GALPAR,MR,NA,NA,NA,NA,NA,NA,NA,NA,NA,NA,NA,NA,NA,accidentally removed 6/16/23,
E1.GALPAR.1,GALPAR,CC,,1162,0.000119,0.00013,0.000117,0.00015,0.000105,0.000118,0.000117,0.00012,0.00015,9.23E-05,0.24,counted fruits not flowers,
E3.GALPAR.1,GALPAR,JBL,5/31/23,143,8.33333E-05,6.66667E-05,0.000075,6.66667E-05,0.0001,0.00012,4.28571E-05,0.0001,0.00004,0.000114286,0.04,counted fruits not flowers,
F1.GALPAR.1,GALPAR,JBL,6/21/23,423,0.00015,0.0001,0.0001375,0.00014,0.000133333,8.57143E-05,0.0001125,0.0001,0.000111111,0.000125,0.15,counted fruits not flowers,
G6.GALPAR.1,GALPAR,JBL,6/21/23,1501,0.000133333,0.000142857,0.000118182,0.000109091,0.000116667,0.000157143,0.000128571,0.00013125,0.0001,0.000171429,0.45,counted fruits not flowers,
G7.GALPAR.1,GALPAR,AT,6/21/32,847,0.000075,0.000025,0.000075,0.00005,0.00006,0.00005,0.0001,8.33333E-06,6.66667E-06,0.00008,0.16,counted fruits not flowers,
H2.GALPAR.1,GALPAR,JBL,6/21/23,408,0.001444444,0.0001,0.001333333,7.14286E-05,0.0001,0.0001375,0.000114286,0.0002,0.000114286,0.00005,0.1,counted fruits not flowers,
H6.GALPAR.1,GALPAR,MR,6/21/23,133,0.00011,8.33333E-05,0.00015,7.14286E-05,8.33333E-05,0.0001375,0.0001125,0.0001375,0.000133333,0.0001,0.05,counted fruits not flowers,
I5.GALPAR.1,GALPAR,MR,8/23/23,1225,0.000171429,0.001333333,0.000122222,0.00014,0.000114286,0.00012,0.0001125,0.00015,0.000142857,0.00014,0.22,counted fruits not flowers,
I6.GALPAR.1,GALPAR,JBL,5/31/23,209,0.00018,0.00018,0.000183333,0.000233333,0.00015,6.66667E-05,0.000185714,0.0002,0.00022,0.000157143,0.09,counted fruits not flowers,
I8.GALPAR.1,GALPAR,MR,NA,NA,NA,NA,NA,NA,NA,NA,NA,NA,NA,NA,NA,"not found 5/31/23, buried",
J2.GALPAR.1,GALPAR,JBL,6/21/23,179,0.000142857,0.000116667,0.000114286,0.000125,0.000133333,0.0001125,0.000128571,0.000125,0.0001,0.000125,0.06,,
A3.GERDIS.1,GERDIS,,,,,,,,,,,,,,,,
B1.GERDIS.1,GERDIS,,,,,,,,,,,,,,,,
B7.GERDIS.1,GERDIS,,,,,,,,,,,,,,,,
C4.GERDIS.1,GERDIS,,,,,,,,,,,,,,,,
C5.GERDIS.1,GERDIS,,,,,,,,,,,,,,,,
D2.GERDIS.1,GERDIS,,,,,,,,,,,,,,,,
D6.GERDIS.1,GERDIS,,,,,,,,,,,,,,,,
E8.GERDIS.1,GERDIS,,,,,,,,,,,,,,,,
F3.GERDIS.1,GERDIS,,,,,,,,,,,,,,,,
F8.GERDIS.1,GERDIS,,,,,,,,,,,,,,,,
G1.GERDIS.1,GERDIS,,,,,,,,,,,,,,,,
G8.GERDIS.1,GERDIS,,,,,,,,,,,,,,,,
H5.GERDIS.1,GERDIS,,,,,,,,,,,,,,,,
I1.GERDIS.1,GERDIS,,,,,,,,,,,,,,,,
I4.GERDIS.1,GERDIS,,,,,,,,,,,,,,,,
J1.GERDIS.1,GERDIS,,,,,,,,,,,,,,,,
A5.HOLVIR.1,HOLVIR,NA,NA,NA,NA,NA,NA,NA,NA,NA,NA,NA,NA,NA,NA,,
A8.HOLVIR.1,HOLVIR,NA,NA,NA,NA,NA,NA,NA,NA,NA,NA,NA,NA,NA,NA,,
B2.HOLVIR.1,HOLVIR,NA,NA,NA,NA,NA,NA,NA,NA,NA,NA,NA,NA,NA,NA,,
B5.HOLVIR.1,HOLVIR,NA,NA,NA,NA,NA,NA,NA,NA,NA,NA,NA,NA,NA,NA,,
C1.HOLVIR.1,HOLVIR,NA,NA,NA,NA,NA,NA,NA,NA,NA,NA,NA,NA,NA,NA,,
D4.HOLVIR.1,HOLVIR,NA,NA,NA,NA,NA,NA,NA,NA,NA,NA,NA,NA,NA,NA,,
E7.HOLVIR.1,HOLVIR,NA,NA,NA,NA,NA,NA,NA,NA,NA,NA,NA,NA,NA,NA,,
F4.HOLVIR.1,HOLVIR,NA,NA,NA,NA,NA,NA,NA,NA,NA,NA,NA,NA,NA,NA,,
F5.HOLVIR.1,HOLVIR,NA,NA,NA,NA,NA,NA,NA,NA,NA,NA,NA,NA,NA,NA,,
G2.HOLVIR.1,HOLVIR,NA,NA,NA,NA,NA,NA,NA,NA,NA,NA,NA,NA,NA,NA,,
G5.HOLVIR.1,HOLVIR,NA,NA,NA,NA,NA,NA,NA,NA,NA,NA,NA,NA,NA,NA,,
H4.HOLVIR.1,HOLVIR,NA,NA,NA,NA,NA,NA,NA,NA,NA,NA,NA,NA,NA,NA,,
H7.HOLVIR.1,HOLVIR,NA,NA,NA,NA,NA,NA,NA,NA,NA,NA,NA,NA,NA,NA,,
I7.HOLVIR.1,HOLVIR,NA,NA,NA,NA,NA,NA,NA,NA,NA,NA,NA,NA,NA,NA,,
J3.HOLVIR.1,HOLVIR,NA,NA,NA,NA,NA,NA,NA,NA,NA,NA,NA,NA,NA,NA,,
J6.HOLVIR.1,HOLVIR,NA,NA,NA,NA,NA,NA,NA,NA,NA,NA,NA,NA,NA,NA,,
A1.HYPGLA.1,HYPGLA,,,,,,,,,,,,,,,,
B4.HYPGLA.1,HYPGLA,,,,,,,,,,,,,,,,
C3.HYPGLA.1,HYPGLA,,,,,,,,,,,,,,,,
C8.HYPGLA.1,HYPGLA,,,,,,,,,,,,,,,,
D1.HYPGLA.1,HYPGLA,,,,,,,,,,,,,,,,
E1.HYPGLA.1,HYPGLA,,,,,,,,,,,,,,,,
E3.HYPGLA.1,HYPGLA,,,,,,,,,,,,,,,,
F1.HYPGLA.1,HYPGLA,,,,,,,,,,,,,,,,
G6.HYPGLA.1,HYPGLA,,,,,,,,,,,,,,,,
G7.HYPGLA.1,HYPGLA,,,,,,,,,,,,,,,,
H2.HYPGLA.1,HYPGLA,,,,,,,,,,,,,,,,
H6.HYPGLA.1,HYPGLA,,,,,,,,,,,,,,,,
I5.HYPGLA.1,HYPGLA,MR,NA,NA,NA,NA,NA,NA,NA,NA,NA,NA,NA,NA,NA,not found 6/1/23,
I6.HYPGLA.1,HYPGLA,MR,NA,NA,NA,NA,NA,NA,NA,NA,NA,NA,NA,NA,NA,not found 6/1/23,
I8.HYPGLA.1,HYPGLA,LS,6/21/23,3,0.0499,0.027,,,,,,,,,0.069,"herbivory 6/1/23, eaten 6/21/23",
J2.HYPGLA.1,HYPGLA,,,,,,,,,,,,,,,,
A3.LUPBIC.1,LUPBIC,,,,,,,,,,,,,,,,
A5.LUPBIC.1,LUPBIC,MR,NA,NA,NA,NA,NA,NA,NA,NA,NA,NA,NA,NA,NA,"dead,not found 5/19/23",
A8.LUPBIC.1,LUPBIC,,,,,,,,,,,,,,,,
B1.LUPBIC.1,LUPBIC,,,,,,,,,,,,,,,,
B2.LUPBIC.1,LUPBIC,,,,,,,,,,,,,,,,
B5.LUPBIC.1,LUPBIC,,,,,,,,,,,,,,,,
B7.LUPBIC.1,LUPBIC,,,,,,,,,,,,,,,,
C1.LUPBIC.1,LUPBIC,,,,,,,,,,,,,,,,
C4.LUPBIC.1,LUPBIC,,,,,,,,,,,,,,,,
C5.LUPBIC.1,LUPBIC,,,,,,,,,,,,,,,,
D2.LUPBIC.1,LUPBIC,,,,,,,,,,,,,,,,
D4.LUPBIC.1,LUPBIC,,,,,,,,,,,,,,,,
D6.LUPBIC.1,LUPBIC,,,,,,,,,,,,,,,,
E7.LUPBIC.1,LUPBIC,,,,,,,,,,,,,,,,
E8.LUPBIC.1,LUPBIC,,,,,,,,,,,,,,,,
F3.LUPBIC.1,LUPBIC,,,,,,,,,,,,,,,,
F4.LUPBIC.1,LUPBIC,,,,,,,,,,,,,,,,
F5.LUPBIC.1,LUPBIC,,,,,,,,,,,,,,,,
F8.LUPBIC.1,LUPBIC,,,,,,,,,,,,,,,,
G1.LUPBIC.1,LUPBIC,,,,,,,,,,,,,,,,
G2.LUPBIC.1,LUPBIC,,,,,,,,,,,,,,,,
G8.LUPBIC.1,LUPBIC,,,,,,,,,,,,,,,,
H4.LUPBIC.1,LUPBIC,,,,,,,,,,,,,,,,
H5.LUPBIC.1,LUPBIC,,,,,,,,,,,,,,,,
H7.LUPBIC.1,LUPBIC,,,,,,,,,,,,,,,,
I1.LUPBIC.1,LUPBIC,,,,,,,,,,,,,,,,
I4.LUPBIC.1,LUPBIC,,,,,,,,,,,,,,,,
I7.LUPBIC.1,LUPBIC,,,,,,,,,,,,,,,,
J1.LUPBIC.1,LUPBIC,,,,,,,,,,,,,,,,
J3.LUPBIC.1,LUPBIC,,,,,,,,,,,,,,,,
J6.LUPBIC.1,LUPBIC,LS,4/13/23,NA,NA,NA,NA,NA,NA,NA,NA,NA,NA,NA,0.0048,"dead 4/13/2023, died before flowering",
A2.LUPMIC.1,LUPMIC,,,,,,,,,,,,,,,,
A4.LUPMIC.1,LUPMIC,,,,,,,,,,,,,,,,
B8.LUPMIC.1,LUPMIC,,,,,,,,,,,,,,,,
C6.LUPMIC.1,LUPMIC,,,,,,,,,,,,,,,,
C7.LUPMIC.1,LUPMIC,,,,,,,,,,,,,,,,
D3.LUPMIC.1,LUPMIC,,,,,,,,,,,,,,,,
D5.LUPMIC.1,LUPMIC,,,,,,,,,,,,,,,,
E2.LUPMIC.1,LUPMIC,,,,,,,,,,,,,,,,
E4.LUPMIC.1,LUPMIC,,,,,,,,,,,,,,,,
F2.LUPMIC.1,LUPMIC,,,,,,,,,,,,,,,,
F7.LUPMIC.1,LUPMIC,,,,,,,,,,,,,,,,
G4.LUPMIC.1,LUPMIC,,,,,,,,,,,,,,,,
G5.LUPMIC.1,LUPMIC,,,,,,,,,,,,,,,,
H3.LUPMIC.1,LUPMIC,,,,,,,,,,,,,,,,
I3.LUPMIC.1,LUPMIC,MR,NA,NA,NA,NA,NA,NA,NA,NA,NA,NA,NA,NA,NA,not found,
J4.LUPMIC.1,LUPMIC,,,,,,,,,,,,,,,,
J7.LUPMIC.1,LUPMIC,,,,,,,,,,,,,,,,
A2.LUPSUC.1,LUPSUC,,,,,,,,,,,,,,,,
A4.LUPSUC.1,LUPSUC,,,,,,,,,,,,,,,,
B8.LUPSUC.1,LUPSUC,,,,,,,,,,,,,,,,
C6.LUPSUC.1,LUPSUC,,,,,,,,,,,,,,,,
C7.LUPSUC.1,LUPSUC,,,,,,,,,,,,,,,,
D3.LUPSUC.1,LUPSUC,,,,,,,,,,,,,,,,
D5.LUPSUC.1,LUPSUC,,,,,,,,,,,,,,,,
E2.LUPSUC.1,LUPSUC,,,,,,,,,,,,,,,,
E4.LUPSUC.1,LUPSUC,,,,,,,,,,,,,,,,
F2.LUPSUC.1,LUPSUC,,,,,,,,,,,,,,,,
F7.LUPSUC.1,LUPSUC,,,,,,,,,,,,,,,,
G4.LUPSUC.1,LUPSUC,,,,,,,,,,,,,,,,
H3.LUPSUC.1,LUPSUC,,,,,,,,,,,,,,,,
I3.LUPSUC.1,LUPSUC,,,,,,,,,,,,,,,,
J4.LUPSUC.1,LUPSUC,,,,,,,,,,,,,,,,
J7.LUPSUC.1,LUPSUC,,,,,,,,,,,,,,,,
A1.MADGRA.1,MADGRA,,,,,,,,,,,,,,,,
A3.MADGRA.1,MADGRA,,,,,,,,,,,,,,,,
B1.MADGRA.1,MADGRA,,,,,,,,,,,,,,,,
B4.MADGRA.1,MADGRA,MR,NA,NA,NA,NA,NA,NA,NA,NA,NA,NA,NA,NA,NA,not found,
B7.MADGRA.1,MADGRA,,,,,,,,,,,,,,,,
C3.MADGRA.1,MADGRA,,,,,,,,,,,,,,,,
C4.MADGRA.1,MADGRA,,,,,,,,,,,,,,,,
C5.MADGRA.1,MADGRA,,,,,,,,,,,,,,,,
C8.MADGRA.1,MADGRA,MR,NA,NA,NA,NA,NA,NA,NA,NA,NA,NA,NA,NA,NA,wrong plant,
D1.MADGRA.1,MADGRA,,,,,,,,,,,,,,,,
D2.MADGRA.1,MADGRA,,,,,,,,,,,,,,,,
D6.MADGRA.1,MADGRA,,,,,,,,,,,,,,,,
E1.MADGRA.1,MADGRA,,,,,,,,,,,,,,,,
E3.MADGRA.1,MADGRA,,,,,,,,,,,,,,,,
E8.MADGRA.1,MADGRA,,,,,,,,,,,,,,,,
F1.MADGRA.1,MADGRA,,,,,,,,,,,,,,,,
F3.MADGRA.1,MADGRA,,,,,,,,,,,,,,,,
F8.MADGRA.1,MADGRA,,,,,,,,,,,,,,,,
G1.MADGRA.1,MADGRA,,,,,,,,,,,,,,,,
G6.MADGRA.1,MADGRA,MR,NA,NA,NA,NA,NA,NA,NA,NA,NA,NA,NA,NA,NA,wrong individual,
G7.MADGRA.1,MADGRA,,,,,,,,,,,,,,,,
G8.MADGRA.1,MADGRA,,,,,,,,,,,,,,,,
H2.MADGRA.1,MADGRA,,,,,,,,,,,,,,,,
H5.MADGRA.1,MADGRA,,,,,,,,,,,,,,,,
H6.MADGRA.1,MADGRA,,,,,,,,,,,,,,,,
I1.MADGRA.1,MADGRA,LS,5/19/23,NA,NA,NA,NA,NA,NA,NA,NA,NA,NA,NA,6.71,"in bud 4/24/23, dead",
I4.MADGRA.1,MADGRA,,,,,,,,,,,,,,,,
I5.MADGRA.1,MADGRA,,,,,,,,,,,,,,,,
I6.MADGRA.1,MADGRA,,,,,,,,,,,,,,,,
I8.MADGRA.1,MADGRA,,,,,,,,,,,,,,,,
J1.MADGRA.1,MADGRA,,,,,,,,,,,,,,,,
J2.MADGRA.1,MADGRA,,,,,,,,,,,,,,,,
A5.MICCAL.1,MICCAL,,,,,,,,,,,,,,,,
A6.MICCAL.1,MICCAL,,,,,,,,,,,,,,,,
A7.MICCAL.1,MICCAL,,,,,,,,,,,,,,,,
A8.MICCAL.1,MICCAL,,,,,,,,,,,,,,,,
B2.MICCAL.1,MICCAL,,,,,,,,,,,,,,,,
B3.MICCAL.1,MICCAL,,,,,,,,,,,,,,,,
B5.MICCAL.1,MICCAL,,,,,,,,,,,,,,,,
B6.MICCAL.1,MICCAL,,,,,,,,,,,,,,,,
C1.MICCAL.1,MICCAL,,,,,,,,,,,,,,,,
C2.MICCAL.1,MICCAL,,,,,,,,,,,,,,,,
D4.MICCAL.1,MICCAL,,,,,,,,,,,,,,,,
D7.MICCAL.1,MICCAL,,,,,,,,,,,,,,,,
D8.MICCAL.1,MICCAL,LS,4/8/23,NA,NA,NA,NA,NA,NA,NA,NA,NA,NA,NA,0.1943,"dead 4/8/2023, died before flowering",
E5.MICCAL.1,MICCAL,,,,,,,,,,,,,,,,
E6.MICCAL.1,MICCAL,,,,,,,,,,,,,,,,
E7.MICCAL.1,MICCAL,,,,,,,,,,,,,,,,
F4.MICCAL.1,MICCAL,LS,4/13/23,NA,NA,NA,NA,NA,NA,NA,NA,NA,NA,NA,0.2829,"dead 4/13/2023, died before flowering",
F5.MICCAL.1,MICCAL,,,,,,,,,,,,,,,,
F6.MICCAL.1,MICCAL,,,,,,,,,,,,,,,,
G2.MICCAL.1,MICCAL,,,,,,,,,,,,,,,,
G3.MICCAL.1,MICCAL,,,,,,,,,,,,,,,,
G5.MICCAL.1,MICCAL,,,,,,,,,,,,,,,,
H1.MICCAL.1,MICCAL,,,,,,,,,,,,,,,,
H4.MICCAL.1,MICCAL,,,,,,,,,,,,,,,,
H7.MICCAL.1,MICCAL,,,,,,,,,,,,,,,,
H8.MICCAL.1,MICCAL,,,,,,,,,,,,,,,,
I2.MICCAL.1,MICCAL,,,,,,,,,,,,,,,,
I7.MICCAL.1,MICCAL,,,,,,,,,,,,,,,,
J3.MICCAL.1,MICCAL,,,,,,,,,,,,,,,,
J5.MICCAL.1,MICCAL,,,,,,,,,,,,,,,,
J6.MICCAL.1,MICCAL,,,,,,,,,,,,,,,,
J8.MICCAL.1,MICCAL,,,,,,,,,,,,,,,,
A2.MIRMUL.1,MIRMUL,NA,NA,NA,NA,NA,NA,NA,NA,NA,NA,NA,NA,NA,NA,,
A4.MIRMUL.1,MIRMUL,NA,NA,NA,NA,NA,NA,NA,NA,NA,NA,NA,NA,NA,NA,,
B8.MIRMUL.1,MIRMUL,NA,NA,NA,NA,NA,NA,NA,NA,NA,NA,NA,NA,NA,NA,,
C6.MIRMUL.1,MIRMUL,NA,NA,NA,NA,NA,NA,NA,NA,NA,NA,NA,NA,NA,NA,,
C7.MIRMUL.1,MIRMUL,NA,NA,NA,NA,NA,NA,NA,NA,NA,NA,NA,NA,NA,NA,,
D3.MIRMUL.1,MIRMUL,NA,NA,NA,NA,NA,NA,NA,NA,NA,NA,NA,NA,NA,NA,,
D5.MIRMUL.1,MIRMUL,NA,NA,NA,NA,NA,NA,NA,NA,NA,NA,NA,NA,NA,NA,,
E2.MIRMUL.1,MIRMUL,NA,NA,NA,NA,NA,NA,NA,NA,NA,NA,NA,NA,NA,NA,,
E4.MIRMUL.1,MIRMUL,NA,NA,NA,NA,NA,NA,NA,NA,NA,NA,NA,NA,NA,NA,,
F2.MIRMUL.1,MIRMUL,NA,NA,NA,NA,NA,NA,NA,NA,NA,NA,NA,NA,NA,NA,,
F7.MIRMUL.1,MIRMUL,NA,NA,NA,NA,NA,NA,NA,NA,NA,NA,NA,NA,NA,NA,,
G4.MIRMUL.1,MIRMUL,NA,NA,NA,NA,NA,NA,NA,NA,NA,NA,NA,NA,NA,NA,,
H3.MIRMUL.1,MIRMUL,NA,NA,NA,NA,NA,NA,NA,NA,NA,NA,NA,NA,NA,NA,,
I3.MIRMUL.1,MIRMUL,NA,NA,NA,NA,NA,NA,NA,NA,NA,NA,NA,NA,NA,NA,,
J4.MIRMUL.1,MIRMUL,NA,NA,NA,NA,NA,NA,NA,NA,NA,NA,NA,NA,NA,NA,,
J7.MIRMUL.1,MIRMUL,NA,NA,NA,NA,NA,NA,NA,NA,NA,NA,NA,NA,NA,NA,,
A2.PHATAN.1,PHATAN,,,,,,,,,,,,,,,,
A4.PHATAN.1,PHATAN,,,,,,,,,,,,,,,,
B8.PHATAN.1,PHATAN,,,,,,,,,,,,,,,,
C6.PHATAN.1,PHATAN,,,,,,,,,,,,,,,,
C7.PHATAN.1,PHATAN,,,,,,,,,,,,,,,,
D3.PHATAN.1,PHATAN,,,,,,,,,,,,,,,,
D5.PHATAN.1,PHATAN,MR,NA,NA,NA,NA,NA,NA,NA,NA,NA,NA,NA,NA,NA,not found 5/11/23,
E2.PHATAN.1A,PHATAN,,,,,,,,,,,,,,,,
E2.PHATAN.1B,PHATAN,,,,,,,,,,,,,,,,
E4.PHATAN.1-E2,PHATAN,,,,,,,,,,,,,,,,
F2.PHATAN.1,PHATAN,,,,,,,,,,,,,,,,
F7.PHATAN.1,PHATAN,,,,,,,,,,,,,,,,
G4.PHATAN.1,PHATAN,,,,,,,,,,,,,,,,
H3.PHATAN.1,PHATAN,,,,,,,,,,,,,,,,
I3.PHATAN.1,PHATAN,,,,,,,,,,,,,,,,
J4.PHATAN.1,PHATAN,MR,NA,NA,NA,NA,NA,NA,NA,NA,NA,NA,NA,NA,NA,not found 5/11/23,
J7.PHATAN.1,PHATAN,,,,,,,,,,,,,,,,
A5.PLAERE.1,PLAERE,,,,,,,,,,,,,,,,
A8.PLAERE.1,PLAERE,,,,,,,,,,,,,,,,
B2.PLAERE.1,PLAERE,,,,,,,,,,,,,,,,
B5.PLAERE.1,PLAERE,,,,,,,,,,,,,,,,
C1.PLAERE.1,PLAERE,,,,,,,,,,,,,,,,
D4.PLAERE.1,PLAERE,,,,,,,,,,,,,,,,
E7.PLAERE.1,PLAERE,,,,,,,,,,,,,,,,
F4.PLAERE.1,PLAERE,,,,,,,,,,,,,,,,
F5.PLAERE.1,PLAERE,,,,,,,,,,,,,,,,
G2.PLAERE.1,PLAERE,,,,,,,,,,,,,,,,
G5.PLAERE.1,PLAERE,,,,,,,,,,,,,,,,
H4.PLAERE.1,PLAERE,,,,,,,,,,,,,,,,
H7.PLAERE.1,PLAERE,,,,,,,,,,,,,,,,
I7.PLAERE.1,PLAERE,,,,,,,,,,,,,,,,
J3.PLAERE.1,PLAERE,,,,,,,,,,,,,,,,
J6.PLAERE.1,PLAERE,,,,,,,,,,,,,,,,
A1.SANBIP.1,SANBIP,NA,NA,NA,NA,NA,NA,NA,NA,NA,NA,NA,NA,NA,NA,,
B4.SANBIP.1,SANBIP,NA,NA,NA,NA,NA,NA,NA,NA,NA,NA,NA,NA,NA,NA,,
C3.SANBIP.1,SANBIP,NA,NA,NA,NA,NA,NA,NA,NA,NA,NA,NA,NA,NA,NA,,
C8.SANBIP.1,SANBIP,NA,NA,NA,NA,NA,NA,NA,NA,NA,NA,NA,NA,NA,NA,,
D1.SANBIP.1,SANBIP,NA,NA,NA,NA,NA,NA,NA,NA,NA,NA,NA,NA,NA,NA,,
E1.SANBIP.1,SANBIP,NA,NA,NA,NA,NA,NA,NA,NA,NA,NA,NA,NA,NA,NA,,
E3.SANBIP.1,SANBIP,NA,NA,NA,NA,NA,NA,NA,NA,NA,NA,NA,NA,NA,NA,,
F1.SANBIP.1,SANBIP,NA,NA,NA,NA,NA,NA,NA,NA,NA,NA,NA,NA,NA,NA,,
G6.SANBIP.1,SANBIP,NA,NA,NA,NA,NA,NA,NA,NA,NA,NA,NA,NA,NA,NA,,
G7.SANBIP.1,SANBIP,NA,NA,NA,NA,NA,NA,NA,NA,NA,NA,NA,NA,NA,NA,,
H2.SANBIP.1,SANBIP,NA,NA,NA,NA,NA,NA,NA,NA,NA,NA,NA,NA,NA,NA,,
H6.SANBIP.1,SANBIP,NA,NA,NA,NA,NA,NA,NA,NA,NA,NA,NA,NA,NA,NA,,
I5.SANBIP.1,SANBIP,NA,NA,NA,NA,NA,NA,NA,NA,NA,NA,NA,NA,NA,NA,,
I6.SANBIP.1,SANBIP,NA,NA,NA,NA,NA,NA,NA,NA,NA,NA,NA,NA,NA,NA,,
I8.SANBIP.1,SANBIP,NA,NA,NA,NA,NA,NA,NA,NA,NA,NA,NA,NA,NA,NA,,
J2.SANBIP.1,SANBIP,NA,NA,NA,NA,NA,NA,NA,NA,NA,NA,NA,NA,NA,NA,,
A6.STIPUL.1,STIPUL,,,,,,,,,,,,,,,,
A7.STIPUL.1,STIPUL,,,,,,,,,,,,,,,,
B3.STIPUL.1,STIPUL,,,,,,,,,,,,,,,,
B6.STIPUL.1,STIPUL,,,,,,,,,,,,,,,,
C2.STIPUL.1,STIPUL,,,,,,,,,,,,,,,,
D7.STIPUL.1,STIPUL,,,,,,,,,,,,,,,,
D8.STIPUL.1,STIPUL,,,,,,,,,,,,,,,,
E5.STIPUL.1,STIPUL,,,,,,,,,,,,,,,,
E6.STIPUL.1,STIPUL,,,,,,,,,,,,,,,,
F6.STIPUL.1,STIPUL,,,,,,,,,,,,,,,,
G3.STIPUL.1,STIPUL,,,,,,,,,,,,,,,,
H1.STIPUL.1,STIPUL,,,,,,,,,,,,,,,,
H8.STIPUL.1,STIPUL,,,,,,,,,,,,,,,,
I2.STIPUL.1,STIPUL,,,,,,,,,,,,,,,,
J5.STIPUL.1,STIPUL,,,,,,,,,,,,,,,,
J8.STIPUL.1,STIPUL,,,,,,,,,,,,,,,,
A3.TORARV.1,TORARV,,,,,,,,,,,,,,,,
B1.TORARV.1,TORARV,,,,,,,,,,,,,,,,
B7.TORARV.1,TORARV,,,,,,,,,,,,,,,,
C4.TORARV.1,TORARV,,,,,,,,,,,,,,,,
C5.TORARV.1,TORARV,MR,NA,NA,NA,NA,NA,NA,NA,NA,NA,NA,NA,NA,NA,can't find,
D2.TORARV.1,TORARV,,,,,,,,,,,,,,,,
D6.TORARV.1,TORARV,,,,,,,,,,,,,,,,
E8.TORARV.1,TORARV,,,,,,,,,,,,,,,,
F3.TORARV.1,TORARV,,,,,,,,,,,,,,,,
F8.TORARV.1,TORARV,,,,,,,,,,,,,,,,
G1.TORARV.1,TORARV,,,,,,,,,,,,,,,,
G8.TORARV.1,TORARV,,,,,,,,,,,,,,,,
H5.TORARV.1,TORARV,,,,,,,,,,,,,,,,
I1.TORARV.1,TORARV,,,,,,,,,,,,,,,,
I4.TORARV.1,TORARV,MR,NA,NA,NA,NA,NA,NA,NA,NA,NA,NA,NA,NA,NA,"herbivory, gone 6/21/23",
J1.TORARV.1,TORARV,,,,,,,,,,,,,,,,
A3.TRIHIR.1,TRIHIR,,,,,,,,,,,,,,,,
A5.TRIHIR.1,TRIHIR,,,,,,,,,,,,,,,,
A8.TRIHIR.1,TRIHIR,,,,,,,,,,,,,,,,
B1.TRIHIR.1,TRIHIR,,,,,,,,,,,,,,,,
B2.TRIHIR.1,TRIHIR,,,,,,,,,,,,,,,,
B5.TRIHIR.1,TRIHIR,,,,,,,,,,,,,,,,
B7.TRIHIR.1,TRIHIR,MR,NA,NA,NA,NA,NA,NA,NA,NA,NA,NA,NA,NA,NA,sacraficed,
C1.TRIHIR.1,TRIHIR,,,,,,,,,,,,,,,,
C4.TRIHIR.1,TRIHIR,,,,,,,,,,,,,,,,
C5.TRIHIR.1,TRIHIR,,,,,,,,,,,,,,,,
D2.TRIHIR.1,TRIHIR,,,,,,,,,,,,,,,,
D4.TRIHIR.1,TRIHIR,,,,,,,,,,,,,,,,
D6.TRIHIR.1,TRIHIR,,,,,,,,,,,,,,,,
E7.TRIHIR.1,TRIHIR,,,,,,,,,,,,,,,,
E8.TRIHIR.1,TRIHIR,MR,NA,NA,NA,NA,NA,NA,NA,NA,NA,NA,NA,NA,NA,not found 7/19/23,
F3.TRIHIR.1,TRIHIR,,,,,,,,,,,,,,,,
F4.TRIHIR.1,TRIHIR,,,,,,,,,,,,,,,,
F5.TRIHIR.1,TRIHIR,,,,,,,,,,,,,,,,
F8.TRIHIR.1,TRIHIR,,,,,,,,,,,,,,,,
G1.TRIHIR.1,TRIHIR,MR,NA,NA,NA,NA,NA,NA,NA,NA,NA,NA,NA,NA,NA,not found,
G2.TRIHIR.1,TRIHIR,,,,,,,,,,,,,,,,
G5.TRIHIR.1,TRIHIR,,,,,,,,,,,,,,,,
G8.TRIHIR.1,TRIHIR,,,,,,,,,,,,,,,,
H4.TRIHIR.1,TRIHIR,,,,,,,,,,,,,,,,
H5.TRIHIR.1,TRIHIR,,,,,,,,,,,,,,,,
H7.TRIHIR.1,TRIHIR,,,,,,,,,,,,,,,,
I1.TRIHIR.1,TRIHIR,MR,NA,NA,NA,NA,NA,NA,NA,NA,NA,NA,NA,NA,NA,not found 5/19/23,
I4.TRIHIR.1,TRIHIR,,,,,,,,,,,,,,,,
I7.TRIHIR.1,TRIHIR,,,,,,,,,,,,,,,,
J1.TRIHIR.1,TRIHIR,,,,,,,,,,,,,,,,
J3.TRIHIR.1,TRIHIR,,,,,,,,,,,,,,,,
J6.TRIHIR.1,TRIHIR,,,,,,,,,,,,,,,,
A3.VICSAT.1,VICSAT,CM,5/21/23,213,0.0115,0.0088,0.0092,0.0075,0.0077,0.0071,0.0113,0.0117,0.0103,0.0103,34.04,,
B1.VICSAT.1,VICSAT,OL,5/21/23,89,0.0083,0.007,0.0077,0.0136,0.0088,0.0053,0.007,0.0078,,,14.61,,
B7.VICSAT.1,VICSAT,,,,,,,,,,,,,,,,
C4.VICSAT.1,VICSAT,OH,5/21/23,108,,,,,,,,,,,24.8,"NO FLS, ALL FR",
C5.VICSAT.1,VICSAT,OL,5/21/23,168,0.0126,0.0098,0.0147,,,,,,,,27.89,,
D2.VICSAT.1,VICSAT,,,,,,,,,,,,,,,,
D6.VICSAT.1,VICSAT,OL,5/22/23,82,0.008,0.0075,0.0079,0.0073,0.0079,0.009,0.007,0.0054,,,16.4,,
E8.VICSAT.1,VICSAT,OH,5/22/23,130,0.0036,0.0044,0.0044,0.0045,0.0033,0.0046,0.0036,0.0063,0.0038,0.0039,16.82,,
F3.VICSAT.1,VICSAT,,,,,,,,,,,,,,,,
F8.VICSAT.1,VICSAT,OH,5/22/23,22,0.0073,0.0093,,,,,,,,,3.48,,
G1.VICSAT.1,VICSAT,OL,5/22/23,133,0.0091,0.0112,0.0062,0.0073,0.0091,0.0056,0.0057,0.0065,0.0064,0.0059,29.62,,
G8.VICSAT.1,VICSAT,,,,,,,,,,,,,,,,
H5.VICSAT.1,VICSAT,CM,?,91,0.0096,0.0083,0.0065,0.008,0.008,0.0085,0.0089,0.0084,0.0083,0.0071,13.18,,
I1.VICSAT.1,VICSAT,,,,,,,,,,,,,,,,
I4.VICSAT.1,VICSAT,OH,5/22/23,120,0.0074,0.0072,0.0084,0.0114,0.009,0.0096,0.0087,0.0063,0.0068,,20.62,,
J1.VICSAT.1,VICSAT,,,,,,,,,,,,,,,,
,,,,,,,,,,,,,,,,,
,,,,,,,,,,,,,,,,,
,,,,,,,,,,,,,,,,,
,,,,,,,,,,,,,,,,,
,,,,,,,,,,,,,,,,,
,,,,,,,,,,,,,,,,,
,,,,,,,,,,,,,,,,,
,,,,,,,,,,,,,,,,,
,,,,,,,,,,,,,,,,,
,,,,,,,,,,,,,,,,,
,,,,,,,,,,,,,,,,,
,,,,,,,,,,,,,,,,,
,,,,,,,,,,,,,,,,,
,,,,,,,,,,,,,,,,,
,,,,,,,,,,,,,,,,,
,,,,,,,,,,,,,,,,,
,,,,,,,,,,,,,,,,,
,,,,,,,,,,,,,,,,,
,,,,,,,,,,,,,,,,,
,,,,,,,,,,,,,,,,,
,,,,,,,,,,,,,,,,,
,,,,,,,,,,,,,,,,,
,,,,,,,,,,,,,,,,,
,,,,,,,,,,,,,,,,,
,,,,,,,,,,,,,,,,,
,,,,,,,,,,,,,,,,,
,,,,,,,,,,,,,,,,,
,,,,,,,,,,,,,,,,,
,,,,,,,,,,,,,,,,,
,,,,,,,,,,,,,,,,,
,,,,,,,,,,,,,,,,,
,,,,,,,,,,,,,,,,,
,,,,,,,,,,,,,,,,,
,,,,,,,,,,,,,,,,,
,,,,,,,,,,,,,,,,,
,,,,,,,,,,,,,,,,,
,,,,,,,,,,,,,,,,,
,,,,,,,,,,,,,,,,,
,,,,,,,,,,,,,,,,,
,,,,,,,,,,,,,,,,,
,,,,,,,,,,,,,,,,,
,,,,,,,,,,,,,,,,,
,,,,,,,,,,,,,,,,,
,,,,,,,,,,,,,,,,,
,,,,,,,,,,,,,,,,,
,,,,,,,,,,,,,,,,,
,,,,,,,,,,,,,,,,,
,,,,,,,,,,,,,,,,,
,,,,,,,,,,,,,,,,,
,,,,,,,,,,,,,,,,,