Plant_ID,Sp_Code,Scientific_Name,Native_Status,Growth_Habit,Perenniality,Recorder,Collection_Date,Plot,Block,Shelter,Plot_number,Population,Treatment,Flower_Count,Flower_1_g,Flower_2_g,Flower_3_g,Flower_4_g,Flower_5_g,Flower_6_g,Flower_7_g,Flower_8_g,Flower_9_g,Flower_10_g,Veg_Mass,fl_average,total_fl_mass,Veg_Mass_ln,total_fl_mass_ln
H3.AMSMEN.1,AMSMEN,Amsinckia menziesii,Native,Forb,Annual,LS,4/13/23,H3,3,H,3,WWP,Control,2,NA,NA,NA,NA,NA,NA,NA,NA,NA,NA,0.5128,0.0047599999999999995,0.009519999999999999,-0.6678693733756768,-4.654360430178863
F2.AVEBAR.1,AVEBAR,Avena barbata,Non-native,Grass,Annual,LS,8/4/23,F2,1,F,2,WWP,Control,23,NA,NA,NA,NA,NA,NA,NA,NA,NA,NA,0.58,0.013262857142857144,0.3050457142857143,-0.5447271754416722,-1.1872936307020643
F6.AVEBAR.1,AVEFAT,Avena barbata,Non-native,Grass,Annual,MR,6/7/23,F6,1,F,6,SEDG,Control,59,NA,NA,NA,NA,NA,NA,NA,NA,NA,NA,2.69,0.035106,2.0712539999999997,0.9895411936137477,0.7281542209577363
G1.BRODIA.1,BRODIA,Bromus diandrus,Non-native,Grass,Annual,MR,5/23/23,G1,2,G,1,BORR,Control,172,NA,NA,NA,NA,NA,NA,NA,NA,NA,NA,2.34,0.005629238083333333,0.9682289503333333,0.85015092936961,-0.03228670073236083
I7.BRODIA.1,BRODIA,Bromus diandrus,Non-native,Grass,Annual,MR,5/23/23,I7,4,I,7,MCL,Drought,1075,NA,NA,NA,NA,NA,NA,NA,NA,NA,NA,8.49,0.0052272143,5.6192553725,2.138889000323256,1.7261991591307884
C1.BROHOR.1,BROHOR,Bromus hordeaceaus,Non-native,Grass,Annual,JBL,5/17/23,C1,3,C,1,MCL,Drought,501,NA,NA,NA,NA,NA,NA,NA,NA,NA,NA,1.82,0.001626,0.8146260000000001,0.598836501088704,-0.2050261667716533
F1.BROHOR.1,BROHOR,Bromus hordeaceaus,Non-native,Grass,Annual,AS,NA,F1,1,F,1,ANGELO,Control,896,NA,NA,NA,NA,NA,NA,NA,NA,NA,NA,3.92,0.0013450238,1.2051413248,1.366091653802371,0.1865968420573245
I2.BROHOR.1,BROHOR,Bromus hordeaceaus,Non-native,Grass,Annual,AC,5/17/23,I2,4,I,2,SEDG,Drought,136,NA,NA,NA,NA,NA,NA,NA,NA,NA,NA,0.36,0.00151,0.20536000000000001,-1.0216512475319814,-1.582990742419252
I7.BROHOR.1,BROHOR,Bromus hordeaceaus,Non-native,Grass,Annual,JBL,5/17/23,I7,4,I,7,MCL,Drought,467,NA,NA,NA,NA,NA,NA,NA,NA,NA,NA,1.43,0.001626,0.7593420000000001,0.3576744442718159,-0.2753030101876208
J3.BROHOR.1,BROHOR,Bromus hordeaceaus,Non-native,Grass,Annual,JBL,5/17/23,J3,5,J,3,MCL,Drought,305,NA,NA,NA,NA,NA,NA,NA,NA,NA,NA,1.21,0.001626,0.49593000000000004,0.1906203596086497,-0.7013204912491066
I7.BROMAD.1,BROMAD,Bromus madritensis,Non-native,Grass,Annual,MH,5/17/23,I7,4,I,7,MCL,Drought,490,NA,NA,NA,NA,NA,NA,NA,NA,NA,NA,0.39,0.0011975,0.586775,-0.941608539858445,-0.5331138375745315
J6.BROMAD.1,BROMAD,Bromus madritensis,Non-native,Grass,Annual,MR,5/17/23,J6,5,J,6,MCL,Drought,796,NA,NA,NA,NA,NA,NA,NA,NA,NA,NA,0.59,0.0011975,0.95321,-0.527632742082372,-0.047920042834820785
B3.CALMEN.1,CALMEN,Calandrinia menziesii,Native,Forb,Annual,MR,5/17/23,B3,2,B,3,SEDG,Drought,7,NA,NA,NA,NA,NA,NA,NA,NA,NA,NA,0.07,0.005384999999999999,0.03769499999999999,-2.659260036932778,-3.278227819318472
C2.CALMEN.1,CALMEN,Calandrinia menziesii,Native,Forb,Annual,MR,4/28/23,C2,3,C,2,SEDG,Drought,3,NA,NA,NA,NA,NA,NA,NA,NA,NA,NA,0.0026,0.005384999999999999,0.016154999999999996,-5.952243833954701,-4.125525679705675
E6.CALMEN.1,CALMEN,Calandrinia menziesii,Native,Forb,Annual,MR,4/29/23,E6,5,E,6,SEDG,Control,8,NA,NA,NA,NA,NA,NA,NA,NA,NA,NA,0.08,NA,NA,-2.5257286443082556,NA
J5.CENMEL.1,CENMEL,Centaurea melitensis,Non-native,Forb,Annual,JBL,8/22/23,J5,5,J,5,SEDG,Drought,1168,NA,NA,NA,NA,NA,NA,NA,NA,NA,NA,59.09,0.11169157142857143,130.45575542857142,4.079061705357583,4.871034130414558
D2.DAUPUS.1,DAUPUS,Daucus pusillus,Native,Forb,Annual,MR,8/3/23,D2,4,D,2,BORR,Control,485,NA,NA,NA,NA,NA,NA,NA,NA,NA,NA,1.21,4.44e-4,0.21534,0.1906203596086497,-1.535537104594566
F3.DAUPUS.1,DAUPUS,Daucus pusillus,Native,Forb,Annual,AS,5/31/23,F3,1,F,3,BORR,Control,31,NA,NA,NA,NA,NA,NA,NA,NA,NA,NA,0.09,4.44e-4,0.013764,-2.4079456086518722,-4.285698791046903
F8.DAUPUS.1,DAUPUS,Daucus pusillus,Native,Forb,Annual,JBL,8/3/23,F8,1,F,8,BORR,Control,171,NA,NA,NA,NA,NA,NA,NA,NA,NA,NA,0.21,4.44e-4,0.075924,-1.5606477482646683,-2.5780224390293895
C5.EROBOT.1,EROBOT,Erodium botrys,Non-native,Forb,Annual,JBL,5/10/23?+8/23/23,C5,3,C,5,BORR,Drought,322,NA,NA,NA,NA,NA,NA,NA,NA,NA,NA,16.51,0.00648,2.08656,2.8039662579320366,0.7355167769264546
E7.EROBOT.1,EROBOT,Erodium botrys,Non-native,Forb,Annual,AT,7/19/23,E7,5,E,7,MCL,Control,6,NA,NA,NA,NA,NA,NA,NA,NA,NA,NA,0.12,0.00588,0.03528,-2.120263536200091,-3.3444390478435464
E8.EROBOT.1,EROBOT,Erodium botrys,Non-native,Forb,Annual,JBL,7/19/23,E8,5,E,8,BORR,Control,203,NA,NA,NA,NA,NA,NA,NA,NA,NA,NA,11.41,0.005926666666666667,1.2031133333333335,2.4344901638739844,0.18491264147729922
J8.EROCIC.1,EROCIC,Erodium cicutarium,Non-native,Forb,Annual,AC,5/31/23,J8,5,J,8,SEDG,Drought,7,NA,NA,NA,NA,NA,NA,NA,NA,NA,NA,0.0494,0.0021000000000000003,0.014700000000000001,-3.0078048547882603,-4.219907785197447
C4.VICSAT.1,VICSAT,Vicia sativa,Non-native,Forb,Annual,OH,5/21/23,C4,3,C,4,BORR,Drought,108,NA,NA,NA,NA,NA,NA,NA,NA,NA,NA,24.8,0.009601319444444444,1.0369424999999999,3.2108436531709366,0.03627647930119856
A1.ACMPAR.1,ACMPAR,Acmispon parviflorus,Native,Forb,Annual,LS,6/6/23,A1,1,A,1,ANGELO,Drought,273,4e-4,7e-4,8e-4,3e-4,9e-4,4e-4,7e-4,1e-4,0.001,0.001,1.3498000000000001,6.3e-4,0.17199,0.29995643332716915,-1.760318943393736
G6.ACMPAR.1,ACMPAR,Acmispon parviflorus,Native,Forb,Annual,LS,6/6/23,G6,2,G,6,ANGELO,Control,4,0.0011,NA,NA,NA,NA,NA,NA,NA,NA,NA,0.0079,0.0011,0.0044,-4.840892519509161,-5.426150738057921
A1.AIRCAR.1,AIRCAR,Aira caryophyllea,Non-native,Grass,Annual,LS,5/17/23,A1,1,A,1,ANGELO,Drought,74,7.5e-5,2.5e-5,5e-5,2.5e-5,2e-4,2.5e-4,5e-5,6.66667e-5,2.5e-5,2e-5,0.0235,7.866667e-5,0.00582133358,-3.750754857832024,-5.1462259060297235
B4.AIRCAR.1,AIRCAR,Aira caryophyllea,Non-native,Grass,Annual,LS,5/17/23,B4,2,B,4,ANGELO,Drought,35,2e-4,5e-5,3e-4,5e-5,2.5e-5,2e-4,6e-4,2e-5,2.25e-4,2e-5,0.055,1.69e-4,0.005914999999999999,-2.900422093749666,-5.130263781551787
C3.AIRCAR.1,AIRCAR,Aira caryophyllea,Non-native,Grass,Annual,AT,5/17/23,C3,3,C,3,ANGELO,Drought,89,5e-5,2.5e-5,6.66667e-5,1.66667e-4,6.66667e-5,2.5e-4,1.5e-4,0.0013,3.33333e-4,1.85714e-4,0.0156,2.5940474e-4,0.02308702186,-4.160484364726646,-3.7684846435791908
C8.AIRCAR.1,AIRCAR,Aira caryophyllea,Non-native,Grass,Annual,LS,5/17/23,C8,3,C,8,ANGELO,Drought,327,5e-5,6.66667e-5,3.33333e-5,3.33333e-5,1e-4,1.5e-4,3.33333e-5,2e-4,3.33333e-5,5e-5,0.1021,7.499999e-5,0.02452499673,-2.2818025538115174,-3.7080624068640526
D1.AIRCAR.1,AIRCAR,Aira caryophyllea,Non-native,Grass,Annual,LS,5/17/23,D1,4,D,1,ANGELO,Control,419,2.85714e-5,2e-5,4e-4,1.66667e-4,2e-4,5e-5,3.33333e-5,1e-4,2e-4,5e-5,0.1524,1.2485717e-4,0.05231515423,-1.8812466357295912,-2.9504691940506333
E1.AIRCAR.1,AIRCAR,Aira caryophyllea,Non-native,Grass,Annual,MR,5/17/23,E1,5,E,1,ANGELO,Control,211,3.75e-5,6e-5,2e-5,3.07692e-5,1.42857e-5,4e-5,2e-5,1.6e-4,4e-5,5.71429e-5,0.0868,4.796978e-5,0.010121623580000001,-2.4441486573158326,-4.5930811951844595
E3.AIRCAR.1,AIRCAR,Aira caryophyllea,Non-native,Grass,Annual,AC,5/17/23,E3,5,E,3,ANGELO,Control,487,3.63636e-5,6e-5,1.5e-4,3.33333e-5,2.5e-5,1e-4,2.5e-5,1.42857e-5,7.5e-5,8.33333e-5,0.09,6.023159e-5,0.02933278433,-2.4079456086518722,-3.5290494693699146
F1.AIRCAR.1,AIRCAR,Aira caryophyllea,Non-native,Grass,Annual,LS,5/17/23,F1,1,F,1,ANGELO,Control,267,9e-4,3.33333e-5,1e-4,1.5e-4,8e-4,1.5e-4,1e-4,5e-5,5e-4,5e-4,0.132,3.2833333e-4,0.08766499911,-2.0249533563957662,-2.43423255721233
G7.AIRCAR.1,AIRCAR,Aira caryophyllea,Non-native,Grass,Annual,LS,5/17/23,G7,2,G,7,ANGELO,Control,266,2e-5,1.25e-4,6.66667e-5,2.5e-5,1.66667e-5,6.66667e-5,1.66667e-4,8.57143e-5,5e-4,3.33333e-5,0.1112,1.1057147e-4,0.02941201102,-2.196424897165655,-3.526352149971229
H6.AIRCAR.1,AIRCAR,Aira caryophyllea,Non-native,Grass,Annual,MR,5/17/23,H6,3,H,6,ANGELO,Control,321,1e-4,2e-4,5e-5,2e-5,1.66667e-5,1.66667e-5,1e-4,4e-5,1.25e-5,5e-5,0.1505,6.058334e-5,0.01944725214,-1.8937921947932066,-3.9400494970474798
I5.AIRCAR.1,AIRCAR,Aira caryophyllea,Non-native,Grass,Annual,LS,5/17/23,I5,4,I,5,ANGELO,Drought,490,3.33333e-5,1.42857e-5,1e-4,4e-4,3.33333e-5,1.5e-4,2e-4,2.5e-5,1e-4,3.33333e-5,0.413,1.0892856e-4,0.0533749944,-0.8843076860211043,-2.930412912351387
I6.AIRCAR.1,AIRCAR,Aira caryophyllea,Non-native,Grass,Annual,LS,5/17/23,I6,4,I,6,ANGELO,Drought,346,1.11111e-5,1.25e-4,5e-5,5e-5,1e-4,3e-4,2.5e-5,3.5e-4,2e-4,2e-4,0.0902,1.4111111e-4,0.04882444406,-2.405725851913559,-3.019524188664148
I8.AIRCAR.1,AIRCAR,Aira caryophyllea,Non-native,Grass,Annual,LS,5/17/23,I8,4,I,8,ANGELO,Drought,294,3.33333e-5,3e-4,2e-4,2e-4,1e-4,2e-4,5e-5,5e-5,2e-5,5e-5,0.1535,1.2033333e-4,0.03537799902,-1.8740547119548852,-3.3416651486616527
J2.AIRCAR.1,AIRCAR,Aira caryophyllea,Non-native,Grass,Annual,LS,5/17/23,J2,5,J,2,ANGELO,Drought,159,1e-4,5e-5,1.25e-4,4.5e-4,8e-4,5e-5,5e-4,2e-5,3.33333e-5,2.22222e-5,0.085,2.1505555000000002e-4,0.03419383245,-2.4651040224918206,-3.3757099888956774
A2.AMSMEN.1,AMSMEN,Amsinckia menziesii,Native,Forb,Annual,MR,5/17/23,A2,1,A,2,WWP,Drought,591,0.0052,0.0059,0.0028,0.0044,0.004,0.006,0.0043,0.0051,0.0053,0.0047,1.37,0.00477,2.81907,0.3148107398400336,1.036407043324211
A4.AMSMEN.1,AMSMEN,Amsinckia menziesii,Native,Forb,Annual,MR,5/17/23,A4,1,A,4,WWP,Drought,482,0.0046,0.0027,0.0036,0.0045,0.003,0.003,0.0052,0.002,0.0036,0.0046,8.54,0.00368,1.77376,2.1447610078004784,0.5731015872493028
B8.AMSMEN.1,AMSMEN,Amsinckia menziesii,Native,Forb,Annual,LS,4/27/23,B8,2,B,8,WWP,Drought,16,0.0011,0.0029,0.0036,0.003,0.002,NA,NA,NA,NA,NA,1.24,0.00252,0.04032,0.2151113796169455,-3.2109076552190237
G4.AMSMEN.1,AMSMEN,Amsinckia menziesii,Native,Forb,Annual,LS,4/30/23,G4,2,G,4,WWP,Control,72,0.0027,0.0028,0.0101,0.002,0.0078,0.0026,0.0098,0.0025,0.0024,0.0049,2.0989,0.0047599999999999995,0.34271999999999997,0.7414133979694334,-1.0708414917227531
I3.AMSMEN.1,AMSMEN,Amsinckia menziesii,Native,Forb,Annual,LS,5/17/23,I3,4,I,3,WWP,Drought,39,0.0038,0.0045,0.0034,0.0047,0.0046,0.0036,0.0044,0.0056,0.0072,0.0024,1.07,0.00442,0.17238,0.06765864847381486,-1.7580539367628838
J7.AMSMEN.1,AMSMEN,Amsinckia menziesii,Native,Forb,Annual,LS,5/1/23,J7,5,J,7,WWP,Drought,97,0.0043,0.0045,0.0038,0.0052,0.0039,0.0052,0.0041,0.0037,0.0047,0.004,2.3587,0.00434,0.42098,0.8581106198076925,-0.8651699523664407
A2.AVEBAR.1,AVEBAR,Avena barbata,Non-native,Grass,Annual,AT,5/5/23,A2,1,A,2,WWP,Drought,6,0.0072,0.0075,0.0083,0.0096,0.00117,0.0112,NA,NA,NA,NA,0.2,0.007495,0.044969999999999996,-1.6094379124341003,-3.101759678199521
A3.AVEBAR.1,AVEBAR,Avena barbata,Non-native,Grass,Annual,AT,7/5/23,A3,1,A,3,BORR,Drought,1340,0.0408,0.0335,0.039,0.0424,0.0394,0.0535,0.04797,0.029,0.0427,0.0331,118.32,0.040137,53.78358,4.773392818402544,3.984968216122412
A4.AVEBAR.1,AVEBAR,Avena barbata,Non-native,Grass,Annual,CC,6/6/23,A4,1,A,4,WWP,Drought,452,0.0081,0.008,0.0084,0.0086,0.0102,0.0166,0.0062,0.0141,0.0105,0.0142,18.81,0.01049,4.741479999999999,2.934388643312939,1.5563493232582999
A5.AVEBAR.1,AVEBAR,Avena barbata,Non-native,Grass,Annual,MR,NA,A5,1,A,5,MCL,Drought,545,0.018,0.016,0.0211,0.0145,0.0206,0.0175,0.0287,0.0144,0.0166,0.0118,29.81,0.01792,9.766399999999999,3.39484390768998,2.2789479232278915
A7.AVEBAR.1,AVEFAT,Avena barbata,Non-native,Grass,Annual,LS,8/2/23,A7,1,A,7,SEDG,Drought,1328,0.0142,0.0104,0.0121,0.0152,0.0111,0.0085,0.0139,0.0132,0.0166,0.0136,52.48,0.012879999999999999,17.10464,3.9604321446358335,2.8393497717304497
A8.AVEBAR.1,AVEBAR,Avena barbata,Non-native,Grass,Annual,MR,6/6/23,A8,1,A,8,MCL,Drought,599,0.0136,0.0186,0.0243,0.0117,0.0134,0.0163,0.0196,0.0179,0.0197,0.0312,26.37,0.01863,11.159370000000001,3.2722270003651954,2.4122795037468094
B1.AVEBAR.1,AVEBAR,Avena barbata,Non-native,Grass,Annual,MR,8/2/23,B1,2,B,1,BORR,Drought,536,0.0179,0.0193,0.0214,0.0153,0.0182,0.019,0.0179,0.0156,0.0131,0.0193,78.94,0.0177,9.4872,4.368688070234701,2.2499435216684485
B2.AVEBAR.1,AVEBAR,Avena barbata,Non-native,Grass,Annual,AT,6/6/23,B2,2,B,2,MCL,Drought,1606,0.0112,0.0133,0.0177,0.0148,0.0123,0.0109,0.0121,0.0093,0.0076,0.017,61.76,0.01262,20.267719999999997,4.123255905716521,3.009029472637637
B5.AVEBAR.1,AVEBAR,Avena barbata,Non-native,Grass,Annual,AT,6/7/23,B5,2,B,5,MCL,Drought,911,0.0162,0.01,0.0092,0.0111,0.0145,0.0166,0.0153,0.0134,0.0245,0.0137,44.42,0.014450000000000001,13.163950000000002,3.7936898184662815,2.5774820328362624
B8.AVEBAR.1,AVEBAR,Avena barbata,Non-native,Grass,Annual,MR,8/2/23,B8,2,B,8,WWP,Drought,899,0.0134,0.0208,0.0218,0.0174,0.0121,0.0146,0.0137,0.0167,0.0164,0.0149,38.37,0.01618,14.545819999999999,3.647275904258861,2.677303667119829
C1.AVEBAR.1,AVEBAR,Avena barbata,Non-native,Grass,Annual,AT,8/2/23,C1,3,C,1,MCL,Drought,373,0.0256,0.0245,0.0187,0.0121,0.0175,0.0219,0.0198,0.0145,0.0135,0.0155,18.25,0.01836,6.848280000000001,2.9041650800285006,1.923997525854023
C2.AVEBAR.1,AVEFAT,Avena barbata,Non-native,Grass,Annual,LS,2/22/24,C2,3,C,2,SEDG,Drought,332,0.0343,0.0525,0.042,0.0297,0.0465,0.0388,0.0277,0.0551,0.0372,0.0301,18.96,0.03939,13.077480000000001,2.942331496826876,2.570891666917166
C4.AVEBAR.1,AVEBAR,Avena barbata,Non-native,Grass,Annual,MR,8/2/23,C4,3,C,4,BORR,Drought,782,0.0354,0.0173,0.0232,0.019,0.0271,0.0253,0.0218,0.0198,0.0175,0.0357,37.3,0.02421,18.932219999999997,3.6189933266497696,2.940865232513141
C6.AVEBAR.1,AVEBAR,Avena barbata,Non-native,Grass,Annual,AT,8/2/23,C6,3,C,6,WWP,Drought,1017,0.0095,0.0175,0.0084,0.0158,0.0252,0.0107,0.015,0.0166,0.0167,0.0159,41.61,0.015130000000000001,15.387210000000001,3.72834052299485,2.7335366448666876
C7.AVEBAR.1,AVEBAR,Avena barbata,Non-native,Grass,Annual,MR,8/2/23,C7,3,C,7,WWP,Drought,611,0.0098,0.0105,0.0147,0.0082,0.0098,0.0177,0.0091,0.0089,0.0177,0.0104,19.11,0.01168,7.13648,2.950211758252182,1.9652196575895393
D2.AVEBAR.1,AVEBAR,Avena barbata,Non-native,Grass,Annual,LS,8/22/23,D2,4,D,2,BORR,Control,278,0.123,0.031,0.0231,0.0112,0.0223,0.0215,0.0174,0.0131,0.0214,0.0164,11.09,0.03004,8.35112,2.4060438013622756,2.122395661604434
D3.AVEBAR.1,AVEBAR,Avena barbata,Non-native,Grass,Annual,LS,7/5/23,D3,4,D,3,WWP,Control,519,0.021,0.0133,0.0127,0.0183,0.0106,0.0105,0.0131,0.0144,0.0078,0.0178,19.37,0.01395,7.24005,2.9637254774189046,1.9796281124511261
D4.AVEBAR.1,AVEBAR,Avena barbata,Non-native,Grass,Annual,MR,8/2/23,D4,4,D,4,MCL,Control,518,0.046,0.0581,0.0324,0.0449,0.0421,0.0654,0.034,0.0306,0.0339,0.0582,25.55,0.04456,23.08208,3.2406373166497136,3.1390565588963746
D5.AVEBAR.1,AVEBAR,Avena barbata,Non-native,Grass,Annual,MR,7/5/23,D5,4,D,5,WWP,Control,148,0.0068,0.0077,0.0071,0.0095,0.0106,0.0078,0.0108,0.0071,0.0084,0.0079,4.6,0.00837,1.23876,1.5260563034950492,0.21411087928336203
D6.AVEBAR.1,AVEBAR,Avena barbata,Non-native,Grass,Annual,MR,10/31/23,D6,4,D,6,BORR,Control,659,0.021,0.0117,0.0122,0.0138,0.0128,0.0143,0.0157,0.0189,0.0201,0.0172,31.99,0.01577,10.39243,3.4654233539614268,2.341077656495317
E2.AVEBAR.1,AVEBAR,Avena barbata,Non-native,Grass,Annual,LS,8/4/23,E2,5,E,2,WWP,Control,1291,0.0105,0.0153,0.0148,0.0129,0.0122,0.0131,0.0166,0.0134,0.0238,0.0097,62.37,0.01423,18.370929999999998,4.1330843905380314,2.9107695239662665
E4.AVEBAR.1,AVEBAR,Avena barbata,Non-native,Grass,Annual,LS,8/4/23,E4,5,E,4,WWP,Control,999,0.0142,0.0209,0.0173,0.014,0.0206,0.0164,0.0117,0.0115,0.0178,0.0141,50.68,0.01585,15.83415,3.925531355452938,2.762168999989706
E5.AVEBAR.1,AVEFAT,Avena barbata,Non-native,Grass,Annual,LS,8/4/23,E5,5,E,5,SEDG,Control,462,0.0347,0.0293,0.0655,0.0678,0.0343,0.0271,0.0269,0.0292,0.0223,0.0485,25.98,0.03856,17.814719999999998,3.2573270112424533,2.8800250818419464
E7.AVEBAR.1,AVEBAR,Avena barbata,Non-native,Grass,Annual,MR,10/31/23,E7,5,E,7,MCL,Control,675,0.018,0.0299,0.0158,0.0284,0.0292,0.0172,0.0343,0.0334,0.0246,0.0153,31.37,0.02461,16.61175,3.445852022202587,2.8101102762933574
E8.AVEBAR.1,AVEBAR,Avena barbata,Non-native,Grass,Annual,MR,8/4/23,E8,5,E,8,BORR,Control,833,0.02,0.0391,0.0168,0.0159,0.0236,0.0225,0.0165,0.0258,0.0234,0.0201,53.41,0.02237,18.63421,3.977997994351679,2.924999138686744
F4.AVEBAR.1,AVEBAR,Avena barbata,Non-native,Grass,Annual,AT,8/4/23,F4,1,F,4,MCL,Control,412,0.0132,0.0105,0.0167,0.0188,0.0121,0.0085,0.0252,0.0096,0.0179,0.0123,14.95,0.01448,5.9657599999999995,2.7047112998366956,1.7860364573249596
F5.AVEBAR.1,AVEBAR,Avena barbata,Non-native,Grass,Annual,LS,8/4/23,F5,1,F,5,MCL,Control,505,0.0151,0.0105,0.0203,0.023,0.015,0.0121,0.022,0.0165,0.0168,0.0144,6.2,0.01657,8.36785,1.824549292051046,2.1243969817316946
F7.AVEBAR.1,AVEBAR,Avena barbata,Non-native,Grass,Annual,MR,8/4/23,F7,1,F,7,WWP,Control,311,0.0131,0.0102,0.0087,0.014,0.0109,0.0078,0.008,0.0117,0.0079,0.0051,11.07,0.00974,3.02914,2.4042387467205457,1.1082787508515408
F8.AVEBAR.1,AVEBAR,Avena barbata,Non-native,Grass,Annual,LS,10/31/23,F8,1,F,8,BORR,Control,705,0.013,0.0249,0.0129,0.0222,0.0158,0.0127,0.0105,0.0256,0.0138,0.0155,42.5,0.01669,11.76645,3.7495040759303713,2.4652522615038754
G1.AVEBAR.1,AVEBAR,Avena barbata,Non-native,Grass,Annual,LS,8/4/23,G1,2,G,1,BORR,Control,703,0.0172,0.0207,0.0137,0.0195,0.0502,0.0141,0.0213,0.0176,0.0168,0.0173,36.88,0.02084,14.65052,3.607669398688393,2.684475829713694
G2.AVEBAR.1,AVEBAR,Avena barbata,Non-native,Grass,Annual,MR,8/4/23,G2,2,G,2,MCL,Control,1036,0.0128,0.0086,0.0119,0.028,0.0214,0.0163,0.0146,0.0341,0.011,0.0237,40.22,0.01824,18.896639999999998,3.6943643843445058,2.9389841284834763
G3.AVEBAR.1,AVEFAT,Avena barbata,Non-native,Grass,Annual,MR,NA,G3,2,G,3,SEDG,Control,208,0.0418,0.0212,0.0292,0.0359,0.0463,0.0373,0.0353,0.0307,0.033,0.0297,0.67,0.03404,7.08032,-0.40047756659712525,1.9573191044243543
G4.AVEBAR.1,AVEBAR,Avena barbata,Non-native,Grass,Annual,LS,8/4/23,G4,2,G,4,WWP,Control,674,0.0157,0.0148,0.0261,0.0149,0.0161,0.0135,0.0178,0.0131,0.017,0.0186,19.6,0.01676,11.296240000000001,2.975529566236472,2.424469926984107
G5.AVEBAR.1,AVEBAR,Avena barbata,Non-native,Grass,Annual,LS,8/4/23,G5,2,G,5,MCL,Control,891,0.0257,0.0152,0.0169,0.015,0.0155,0.0201,0.016,0.0157,0.0136,0.0181,36.86,0.01718,15.30738,3.607126952241677,2.7283350650447815
G8.AVEBAR.1,AVEBAR,Avena barbata,Non-native,Grass,Annual,AT,8/22/23,G8,2,G,8,BORR,Control,466,0.0198,0.0142,0.0184,0.0157,0.0157,0.0152,0.0145,0.0163,0.0147,0.0102,22.51,0.01547,7.20902,3.113959654918641,1.9753330197284835
H1.AVEBAR.1,AVEFAT,Avena barbata,Non-native,Grass,Annual,MR,8/4/23,H1,3,H,1,SEDG,Control,511,0.0407,0.0247,0.0328,0.0285,0.022,0.0249,0.02,0.0229,0.0453,0.0318,24.81,0.02936,15.00296,3.21124679770371,2.708247514967882
H3.AVEBAR.1,AVEBAR,Avena barbata,Non-native,Grass,Annual,LS,8/4/23,H3,3,H,3,WWP,Control,370,0.016,0.0146,0.0095,0.0158,0.0139,0.0151,0.0128,0.0187,0.0127,0.0103,16.83,0.013940000000000001,5.1578,2.8231630082027146,1.640510131988511
H5.AVEBAR.1,AVEBAR,Avena barbata,Non-native,Grass,Annual,MR,NA,H5,3,H,5,BORR,Control,797,0.0189,0.0253,0.0153,0.0136,0.0175,0.0163,0.0167,0.0272,0.0191,0.0196,49.89,0.018949999999999998,15.103149999999998,3.909820581872946,2.7149033313365134
H7.AVEBAR.1,AVEBAR,Avena barbata,Non-native,Grass,Annual,LS,8/4/23,H7,3,H,7,MCL,Control,219,0.0137,0.0136,0.0156,0.0117,0.0143,0.0162,0.0181,0.0174,0.0171,0.0164,6.68,0.01541,3.37479,1.8991179875485542,1.2163331001663882
H8.AVEBAR.1,AVEFAT,Avena barbata,Non-native,Grass,Annual,LS,8/4/23,H8,3,H,8,SEDG,Control,277,0.0214,0.0234,0.0278,0.0362,0.0424,0.029,0.0342,0.0287,0.034,0.0339,19.28,0.0311,8.6147,2.9590682891823996,2.1534700463903897
I1.AVEBAR.1,AVEBAR,Avena barbata,Non-native,Grass,Annual,MR,8/22/23,I1,4,I,1,BORR,Drought,1464,0.0265,0.0225,0.0147,0.0188,0.0113,0.0474,0.0185,0.0193,0.0156,0.0163,71.35,0.021089999999999998,30.875759999999996,4.267597343922845,3.429971410029803
I2.AVEBAR.1,AVEFAT,Avena barbata,Non-native,Grass,Annual,LS,8/4/23,I2,4,I,2,SEDG,Drought,359,0.0253,0.0234,0.0572,0.0203,0.0616,0.0326,0.022,0.0501,0.0317,0.0228,19.49,0.0347,12.4573,2.9699015135194693,2.522306796458955
I4.AVEBAR.1,AVEBAR,Avena barbata,Non-native,Grass,Annual,AT,8/4/23,I4,4,I,4,BORR,Drought,273,0.0152,0.0114,0.0091,0.0135,0.0167,0.0152,0.0177,0.0138,0.0115,0.0127,0.74,0.01368,3.7346399999999997,-0.3011050927839216,1.317651428397227
I7.AVEBAR.1,AVEBAR,Avena barbata,Non-native,Grass,Annual,MR,8/4/23,I7,4,I,7,MCL,Drought,1351,0.0197,0.0109,0.0274,0.0135,0.0313,0.0142,0.0168,0.0169,0.0116,0.0151,57.62,0.01774,23.966739999999998,4.053869729656382,3.176667035859495
J1.AVEBAR.1,AVEBAR,Avena barbata,Non-native,Grass,Annual,MR,8/4/23,J1,5,J,1,BORR,Drought,875,0.0198,0.0197,0.0252,0.0145,0.0239,0.0176,0.021,0.0142,0.0138,0.0196,53.15,0.01893,16.56375,3.973118104787957,2.8072165725967086
J3.AVEBAR.1,AVEBAR,Avena barbata,Non-native,Grass,Annual,MR,NA,J3,5,J,3,MCL,Drought,809,0.0133,0.0089,0.025,0.0131,0.0181,0.0132,0.0178,0.0152,0.0192,0.0198,22.74,0.01636,13.23524,3.12412548832239,2.5828829692509556
J4.AVEBAR.1,AVEBAR,Avena barbata,Non-native,Grass,Annual,MR,8/4/23,J4,5,J,4,WWP,Drought,746,0.0176,0.0132,0.0157,0.0094,0.0186,0.0152,0.0106,0.0145,0.0118,0.0115,34.59,0.01381,10.302259999999999,3.5435646229490776,2.3323632886428243
J5.AVEBAR.1,AVEFAT,Avena barbata,Non-native,Grass,Annual,MR,8/4/23,J5,5,J,5,SEDG,Drought,152,0.041,0.0357,0.0439,0.0241,0.0303,0.049,0.0343,0.0452,0.032,0.0451,12.99,0.038060000000000004,5.785120000000001,2.5641798306825083,1.755289103732143
J6.AVEBAR.1,AVEBAR,Avena barbata,Non-native,Grass,Annual,MR,10/31/23,J6,5,J,6,MCL,Drought,1638,0.0215,0.0164,0.0191,0.0179,0.0163,0.0261,0.0187,0.0204,0.0179,0.0189,76.92,0.01932,31.646160000000002,4.342765920720579,3.4546168142152496
J7.AVEBAR.1,AVEBAR,Avena barbata,Non-native,Grass,Annual,LS,8/4/23,J7,5,J,7,WWP,Drought,710,0.012,0.0167,0.0101,0.0211,0.0137,0.0177,0.0158,0.0224,0.0179,0.0113,32.68,0.01587,11.2677,3.486763269991802,2.4219402255915417
G3.AVEFAT.1,AVEFAT,Avena fatua,Non-native,Grass,Annual,MR,8/4/23,G3,2,G,3,SEDG,Control,181,0.0435,0.0521,0.0244,0.0395,0.0535,0.0374,0.0643,0.0469,0.018,0.0451,18.81,0.04247,7.68707,2.934388643312939,2.0395396966088684
H4.AVEFAT.1,AVEFAT,Avena fatua,Non-native,Grass,Annual,MR,8/4/23,H4,3,H,4,MCL,Control,280,0.0288,0.0433,0.0318,0.024,0.0307,0.0162,0.0281,0.0215,0.0248,0.0322,11.32,0.02814,7.879199999999999,2.4265710727750367,2.0642263758733552
A2.BROARE.1,BROARE,Bromus arenarius,Non-native,Grass,Annual,MR/LS,5/19/23,A2,1,A,2,WWP,Drought,107,0.00155,0.001283333,0.001266667,0.00122,0.001033333,7.66667e-4,0.0011625,0.0011,0.0013,0.0011,0.45,0.00117825,0.12607275,-0.7985076962177716,-2.0708961576985274
A4.BROARE.1,BROARE,Bromus arenarius,Non-native,Grass,Annual,AC,6/11/23,A4,1,A,4,WWP,Drought,421,9e-4,0.001,0.0015,0.0014,0.001,0.0015,0.0023,0.002,0.0011,0.0015,1.16,0.00142,0.59782,0.14842000511827322,-0.5144655736865862
B8.BROARE.1,BROARE,Bromus arenarius,Non-native,Grass,Annual,LS,5/22/23,B8,2,B,8,WWP,Drought,250,0.0015,0.00175,8.33333e-4,3e-4,0.0022,0.0024,0.0019,0.0013,0.00126,0.0014,0.88,0.0014843333,0.37108332499999996,-0.12783337150988489,-0.9913286459052061
C6.BROARE.1,BROARE,Bromus arenarius,Non-native,Grass,Annual,MR/JB,7/19/23,C6,3,C,6,WWP,Drought,900,0.001566667,0.001,0.0022,0.0041,0.002,0.0021,0.0026,9e-4,0.001216667,0.0017,1.88,0.0019383334000000001,1.74450006,0.6312717768418578,0.5564680160385003
C7.BROARE.1,BROARE,Bromus arenarius,Non-native,Grass,Annual,LS,7/19/23,C7,3,C,7,WWP,Drought,1427,0.002042857,0.0054,0.0026,0.0045,0.0025,0.0048,0.0024,0.0026,0.0019,0.0016,2.14,0.0030342857,4.3299256939,0.7608058290337602,1.4655503811050261
D3.BROARE.1,BROARE,Bromus arenarius,Non-native,Grass,Annual,JB,7/19/23,D3,4,D,3,WWP,Control,760,0.002171429,0.001722222,0.001945455,0.002075,0.003133333,0.00205,0.001925,0.0028,0.001383333,0.0016,1.79,0.0020805772,1.5812386720000002,0.5822156198526637,0.45820850951546305
D5.BROARE.1,BROARE,Bromus arenarius,Non-native,Grass,Annual,JB,7/19/23,D5,4,D,5,WWP,Control,766,0.00145,0.0019,0.0014,0.0016,0.00148,0.001833333,0.0023,0.0034,0.002,0.0024,1.75,0.0019763333,1.5138713078,0.5596157879354227,0.4146701499493244
E2.BROARE.1,BROARE,Bromus arenarius,Non-native,Grass,Annual,MR,7/19/23,E2,5,E,2,WWP,Control,542,0.0025,0.0021,0.0013,0.0017,0.0032,0.0026,0.0015,0.0024,0.0042,0.0022,1.2,0.00237,1.28454,0.1823215567939546,0.250400677604549
E4.BROARE.1,BROARE,Bromus arenarius,Non-native,Grass,Annual,LS,7/19/23,E4,5,E,4,WWP,Control,336,0.0025,0.00125,0.0018,0.0015,0.0011,0.0018,0.0027,0.0015,0.0016,0.0028,0.75,0.001855,0.6232800000000001,-0.2876820724517809,-0.47275942295953427
F2.BROARE.1,BROARE,Bromus arenarius,Non-native,Grass,Annual,JB,7/19/23,F2,1,F,2,WWP,Control,330,0.0042,0.002,0.0017,0.001416667,0.001733333,0.0034,0.001966667,0.0027,0.0015,0.001,1.11,0.0021616667,0.713350011,0.10436001532424286,-0.33778308000111334
F7.BROARE.1,BROARE,Bromus arenarius,Non-native,Grass,Annual,LS,5/8/23,F7,1,F,7,WWP,Control,134,0.00145,0.0027,0.0039,0.00265,0.00225,0.0023,0.0018,0.0028,0.0024,0.0023,0.4,0.0024549999999999997,0.32897,-0.916290731874155,-1.1117887177847419
G4.BROARE.1,BROARE,Bromus arenarius,Non-native,Grass,Annual,AC,7/19/23,G4,2,G,4,WWP,Control,2529,0.0037,0.0022,0.0045,0.0025,0.0023,0.0036,0.0024,0.0026,0.0016,0.0023,4.27,0.00277,7.00533,1.451613827240533,1.946671287887075
H3.BROARE.1,BROARE,Bromus arenarius,Non-native,Grass,Annual,LS,7/19/23,H3,3,H,3,WWP,Control,827,0.0019,0.0025,0.0022,0.0023,0.002,0.0014,0.0024,0.0017,0.0016,0.0011,2.78,0.00191,1.57957,1.0224509277025455,0.4571526581000927
I3.BROARE.1,BROARE,Bromus arenarius,Non-native,Grass,Annual,LS,7/19/23,I3,4,I,3,WWP,Drought,663,0.0027,0.001,0.0014,8e-4,0.0017,0.0016,0.00365,0.0011,0.0013,0.0034,1.35,0.001865,1.236495,0.30010459245033816,0.21228076429950424
J4.BROARE.1,BROARE,Bromus arenarius,Non-native,Grass,Annual,LS,7/19/23,J4,5,J,4,WWP,Drought,725,0.0044,0.0022,0.0016,0.0023,0.0016,0.0033,0.004,0.0018,0.00315,0.006,1.68,0.003035,2.2003749999999997,0.5187937934151675,0.7886278003839992
J7.BROARE.1,BROARE,Bromus arenarius,Non-native,Grass,Annual,LS,5/22/23,J7,5,J,7,WWP,Drought,1030,0.0032,0.0037,0.0029,0.00275,0.0018,0.0016,0.00425,0.0021,0.0017,0.0033,4.62,0.00273,2.8118999999999996,1.5303947050936475,1.0338604114384127
A1.BRODIA.1,BRODIA,Bromus diandrus,Non-native,Grass,Annual,AT,5/22/23,A1,1,A,1,ANGELO,Drought,633,0.0037,0.007,0.0082,0.008,0.0061,0.0058,0.006,0.0074,0.0046,0.0045,9.35,0.00613,3.88029,2.2353763433005955,1.3559098931101592
A3.BRODIA.1,BRODIA,Bromus diandrus,Non-native,Grass,Annual,OH/JB,5/22/23,A3,1,A,3,BORR,Drought,1465,0.0073,0.0021,0.00288,0.0022,0.00246,0.0092,0.0083,0.00215,0.00278,0.0014,15,0.004077,5.972805,2.70805020110221,1.787216666306147
A4.BRODIA.1,BRODIA,Bromus diandrus,Non-native,Grass,Annual,MH,5/8/23,A4,1,A,4,WWP,Drought,1145,0.0074,0.0041,0.0037,0.0069,0.0066,0.0054,0.0071,0.0045,0.0054,0.008,15.53,0.00591,6.7669500000000005,2.7427736371605955,1.91205046842421
A5.BRODIA.1,BRODIA,Bromus diandrus,Non-native,Grass,Annual,JB,8/2/23,A5,1,A,5,MCL,Drought,617,0.0043,0.0036,0.004,0.002125,0.0029,0.0025,0.0051,0.00288,0.006,0.0014,3.86,0.0034805,2.1474685,1.3506671834767394,0.7642897065498349
A6.BRODIA.1,BRODIA,Bromus diandrus,Non-native,Grass,Annual,LT,8/2/23,A6,1,A,6,SEDG,Drought,737,0.0101,0.0112,0.0063,0.0114,0.005,0.0095,0.0059,0.0093,0.013,0.0104,5.04,0.00921,6.787769999999999,1.6174060820832772,1.9151224634744148
A7.BRODIA.1,BRODIA,Bromus diandrus,Non-native,Grass,Annual,AS,8/2/23,A7,1,A,7,SEDG,Drought,1241,0.0155,0.0166,0.0372,0.0362,0.0523,0.0312,0.0193,0.0192,0.023,0.0308,6.56,0.02813,34.90933,1.8809906029559975,3.5527541287242355
A8.BRODIA.1,BRODIA,Bromus diandrus,Non-native,Grass,Annual,JB,5/23/23,A8,1,A,8,MCL,Drought,220,0.00445,0.0053,0.003,0.0016,0.0075,0.0022,0.002566667,0.0094,0.0074,0.005,1.53,0.0048416667,1.065166674,0.4252677354043441,0.06313128832477137
B1.BRODIA.1,BRODIA,Bromus diandrus,Non-native,Grass,Annual,MR,5/22/23,B1,2,B,1,BORR,Drought,744,0.0051,0.0097,0.0101,0.0065,0.0086,0.0049,0.0048,0.0087,0.008,0.0069,9.68,0.00733,5.45352,2.2700619012884857,1.696261271749515
B2.BRODIA.1,BRODIA,Bromus diandrus,Non-native,Grass,Annual,JB,5/22/23,B2,2,B,2,MCL,Drought,642,0.003,0.008,0.0074,0.0032,0.0014,0.0028,0.0014,0.0044,0.002475,0.0048,7.9,0.0038875,2.495775,2.066862759472976,0.9145993022131766
B3.BRODIA.1,BRODIA,Bromus diandrus,Non-native,Grass,Annual,MR,5/22/23,B3,2,B,3,SEDG,Drought,806,0.0057,0.0055,0.0056,0.0041,0.0048,0.0042,0.0051,0.0061,0.0068,0.0061,8.47,0.0054,4.3524,2.136530508663963,1.47072741709472
B4.BRODIA.1,BRODIA,Bromus diandrus,Non-native,Grass,Annual,JBL,5/22/23,B4,2,B,4,ANGELO,Drought,1653,0.011,0.0029,0.0032,0.0015,1.93333e-4,0.003,0.0048,0.0026,0.0101,0.0041,21.02,0.0043393333,7.172917944899999,3.045474365448805,1.9703125376393014
B5.BRODIA.1,BRODIA,Bromus diandrus,Non-native,Grass,Annual,SS,8/2/23,B5,2,B,5,MCL,Drought,785,0.0059,0.0033,0.0032,0.0037,0.0053,0.0018,0.003,0.0063,0.0025,0.0046,7.34,0.00396,3.1086,1.9933388426264242,1.1341724640666606
B6.BRODIA.1,BRODIA,Bromus diandrus,Non-native,Grass,Annual,JBL,8/2/23,B6,2,B,6,SEDG,Drought,598,0.00395,0.0066,0.0068,0.0082,0.004433333,0.007775,0.00585,0.007366667,0.00305,0.0046,3.81,0.0058625000000000005,3.5057750000000003,1.3376291891386096,1.2544116087408925
B7.BRODIA.1,BRODIA,Bromus diandrus,Non-native,Grass,Annual,MF,5/22/23,B7,2,B,7,BORR,Drought,763,0.0042,0.0028,0.0049,0.0053,0.0043,0.0056,0.0085,0.0048,0.0047,0.0052,9.21,0.00503,3.83789,2.2202898502672155,1.3449227364139678
B8.BRODIA.1,BRODIA,Bromus diandrus,Non-native,Grass,Annual,LT,8/2/23,B8,2,B,8,WWP,Drought,615,0.0245,0.0251,0.0241,0.0201,0.0211,0.0305,0.0242,0.0219,0.0187,0.0263,4.73,0.02365,14.54475,1.5539252025038417,2.677230103762323
C1.BRODIA.1,BRODIA,Bromus diandrus,Non-native,Grass,Annual,JB,8/2/23,C1,3,C,1,MCL,Drought,1676,0.003616667,0.0033,0.0061,0.005575,0.037,0.003816667,0.0046,0.00495,0.00575,0.0038,11.97,0.0078508334,13.1579967784,2.482403519569882,2.577029693824135
C2.BRODIA.1,BRODIA,Bromus diandrus,Non-native,Grass,Annual,MR,8/2/23,C2,3,C,2,SEDG,Drought,1770,0.0044,0.0059,0.0069,0.0071,0.0076,0.0115,0.0114,0.0124,0.0084,0.0055,10.11,0.00811,14.3547,2.3135250330323798,2.6640774147130593
C3.BRODIA.1,BRODIA,Bromus diandrus,Non-native,Grass,Annual,AS,5/22/23,C3,3,C,3,ANGELO,Drought,1655,0.0116,0.0139,0.031,0.0246,0.0142,0.0265,0.0302,0.0255,0.0305,0.038,23.87,0.0246,40.713,3.1726224403507386,3.7065474517673436
C4.BRODIA.1,BRODIA,Bromus diandrus,Non-native,Grass,Annual,MR,8/2/23,C4,3,C,4,BORR,Drought,1174,0.0081,0.008,0.0097,0.0037,0.0051,0.0047,0.01,0.0084,0.0072,0.0078,5.81,0.00727,8.534980000000001,1.7595805708638197,2.144173012951333
C5.BRODIA.1,BRODIA,Bromus diandrus,Non-native,Grass,Annual,SS,8/2/23,C5,3,C,5,BORR,Drought,1525,0.0022,0.0051,0.0031,0.01055,0.0076,0.0048,0.0083,0.0081,0.0023,0.008,15.1,0.006005,9.157625,2.714694743820879,2.214586865591322
C6.BRODIA.1,BRODIA,Bromus diandrus,Non-native,Grass,Annual,AT,8/2/23,C6,3,C,6,WWP,Drought,1534,0.0065,0.0139,0.0077,0.0065,0.0048,0.0025,0.0094,0.0047,0.0024,0.005,8.42,0.00634,9.72556,2.130609828254235,2.274757471394199
C7.BRODIA.1,BRODIA,Bromus diandrus,Non-native,Grass,Annual,AS,5/22/23,C7,3,C,7,WWP,Drought,925,0.0259,0.0162,0.0224,0.024,0.0212,0.0238,0.025,0.0289,0.0211,0.0233,6.89,0.02318,21.441499999999998,1.9300710850255671,3.0653282964418938
C8.BRODIA.1,BRODIA,Bromus diandrus,Non-native,Grass,Annual,MH,5/22/23,C8,3,C,8,ANGELO,Drought,827,0.0062,0.0042,0.0038,0.0077,0.0031,0.0044,0.0039,0.005,0.004,0.0038,9.93,0.00461,3.8124700000000002,2.295560478057081,1.3382772730501116
D1.BRODIA.1,BRODIA,Bromus diandrus,Non-native,Grass,Annual,MR,8/2/23,D1,4,D,1,ANGELO,Control,1077,0.0061,0.0061,0.0074,0.0065,0.0069,0.0043,0.0072,0.0054,0.0051,0.0059,10.15,0.00609,6.55893,2.3174737054877963,1.8808274798960571
D3.BRODIA.1,BRODIA,Bromus diandrus,Non-native,Grass,Annual,JBL,8/2/23,D3,4,D,3,WWP,Control,638,0.00765,0.00395,0.003775,0.003433333,0.0059,0.0082,0.004633333,0.0068,0.0033,0.004633333,3.19,0.0052274999,3.3351449362,1.1600209167967532,1.2045161375537012
D4.BRODIA.1,BRODIA,Bromus diandrus,Non-native,Grass,Annual,LT,5/23/23,D4,4,D,4,MCL,Control,290,0.0174,0.0221,0.0238,0.0273,0.0228,0.0201,0.0301,0.0259,0.0187,0.0265,3.18,0.02347,6.8063,1.1568811967920856,1.9178486538613149
D5.BRODIA.1,BRODIA,Bromus diandrus,Non-native,Grass,Annual,MH,8/2/23,D5,4,D,5,WWP,Control,372,0.005,0.0042,0.0053,0.0034,0.0059,0.0055,0.0072,0.0062,0.0068,0.0039,2.15,0.00534,1.98648,0.7654678421395714,0.6863642282631129
D6.BRODIA.1,BRODIA,Bromus diandrus,Non-native,Grass,Annual,MF,8/2/23,D6,4,D,6,BORR,Control,640,0.0046,0.004,0.0056,0.0091,0.0053,0.0083,0.0034,0.0051,0.0048,0.0072,3.02,0.00574,3.6736000000000004,1.1052568313867783,1.3011721077030556
D7.BRODIA.1,BRODIA,Bromus diandrus,Non-native,Grass,Annual,MH,8/2/23,D7,4,D,7,SEDG,Control,901,0.0053,0.0072,0.0047,0.0059,0.0059,0.0056,0.0054,0.009,0.0048,0.0063,4.06,0.00601,5.41501,1.4011829736136412,1.689174727173317
D8.BRODIA.1,BRODIA,Bromus diandrus,Non-native,Grass,Annual,MH,NA,D8,4,D,8,SEDG,Control,550,0.0046,0.004,0.0075,0.0048,0.0043,0.0072,0.0054,0.0058,0.005,0.0075,2.93,0.0056099999999999995,3.0854999999999997,1.075002423028976,1.1267137187789844
E1.BRODIA.1,BRODIA,Bromus diandrus,Non-native,Grass,Annual,AT,6/11/23,E1,5,E,1,ANGELO,Control,960,0.016,0.007,0.0149,0.0148,0.0078,0.0112,0.0046,0.0056,0.0095,0.0052,10.06,0.00966,9.2736,2.3085671646715933,2.2271716537041715
E2.BRODIA.1,BRODIA,Bromus diandrus,Non-native,Grass,Annual,AS,8/2/23,E2,5,E,2,WWP,Control,662,0.0213,0.0203,0.0111,0.0114,0.0072,0.0119,0.0206,0.0225,0.0097,0.008,3.26,0.0144,9.5328,1.1817271953786161,2.2547384835368263
E3.BRODIA.1,BRODIA,Bromus diandrus,Non-native,Grass,Annual,JBL,8/22/23,E3,5,E,3,ANGELO,Control,3383,0.0045,0.0045,0.0081,0.0047,0.0065,0.0032,0.0061,0.0049,0.0041,0.0038,23.81,0.00504,17.05032,3.170105660498771,2.8361689718818486
E4.BRODIA.1,BRODIA,Bromus diandrus,Non-native,Grass,Annual,MR,8/2/23,E4,5,E,4,WWP,Control,181,0.0075,0.0025,0.0048,0.0028,0.007,0.0081,0.0033,0.004,0.0066,0.0086,1.67,0.00552,0.9991199999999999,0.5128236264286637,-8.803874273074658e-4
E5.BRODIA.1,BRODIA,Bromus diandrus,Non-native,Grass,Annual,AS,8/2/23,E5,5,E,5,SEDG,Control,1051,0.0163,0.0219,0.0118,0.0091,0.0098,0.0302,0.0166,0.0155,0.0244,0.0227,4.18,0.01783,18.73933,1.430311246536665,2.930624523769863
E6.BRODIA.1,BRODIA,Bromus diandrus,Non-native,Grass,Annual,AT,8/2/23,E6,5,E,6,SEDG,Control,553,0.0075,0.0026,0.0169,0.0051,0.0166,0.0023,0.0146,0.0084,0.0065,0.0052,3.08,0.00857,4.73921,1.1249295969854831,1.555870455149886
E7.BRODIA.1,BRODIA,Bromus diandrus,Non-native,Grass,Annual,AS,8/2/23,E7,5,E,7,MCL,Control,496,0.0226,0.0113,0.022,0.0156,0.018,0.0099,0.00141,0.00138,0.00157,0.0064,2.45,0.011016,5.4639359999999995,0.8960880245566357,1.6981694091691442
E8.BRODIA.1,BRODIA,Bromus diandrus,Non-native,Grass,Annual,JB,8/2/23,E8,5,E,8,BORR,Control,747,0.0061,0.0054,0.0048,0.00225,0.0034,0.0064,0.0031,0.005314286,0.0055,0.002,5.84,0.0044264286,3.3065421641999997,1.7647307968401356,1.1959029799641738
F1.BRODIA.1,BRODIA,Bromus diandrus,Non-native,Grass,Annual,MR,8/2/23,F1,1,F,1,ANGELO,Control,1030,0.0078,0.0067,0.0045,0.0035,0.0052,0.0056,0.0071,0.0051,0.0067,0.0073,8.75,0.00595,6.128500000000001,2.169053700369523,1.8129500217990828
F2.BRODIA.1,BRODIA,Bromus diandrus,Non-native,Grass,Annual,LT,8/2/23,F2,1,F,2,WWP,Control,820,0.0092,0.0076,0.0034,0.0101,0.0063,0.0074,0.004,0.006,0.004,0.0055,6.71,0.00635,5.207,1.9035989509835904,1.6500038741807619
F2.BRODIA.1,BRODIA,Bromus diandrus,Non-native,Grass,Annual,AS,8/2/23,F2,1,F,2,WWP,Control,1242,0.0279,0.0307,0.0152,0.0217,0.0147,0.0223,0.0195,0.023,0.0399,0.0293,6.86,0.02442,30.32964,1.925707441737794,3.4121254521938456
F3.BRODIA.1,BRODIA,Bromus diandrus,Non-native,Grass,Annual,AT,8/2/23,F3,1,F,3,BORR,Control,906,0.0121,0.0097,0.0057,0.0082,0.004,0.0046,0.0075,0.0091,0.0084,0.0083,10.81,0.00776,7.03056,2.3804716316511167,1.9502663612559696
F4.BRODIA.1,BRODIA,Bromus diandrus,Non-native,Grass,Annual,MF,5/23/23,F4,1,F,4,MCL,Control,768,0.0055,0.003,0.0049,0.0051,0.0082,0.0035,0.0066,0.0032,0.0044,0.0041,7.42,0.00485,3.7248,2.004179057179289,1.315013159114927
F5.BRODIA.1,BRODIA,Bromus diandrus,Non-native,Grass,Annual,MR,5/23/23,F5,1,F,5,MCL,Control,597,0.0078,0.0065,0.005,0.0062,0.0059,0.0062,0.0056,0.0063,0.0053,0.0047,5.14,0.0059499999999999996,3.5521499999999997,1.6370530794670737,1.2675530539680033
F6.BRODIA.1,BRODIA,Bromus diandrus,Non-native,Grass,Annual,AT,6/11/23,F6,1,F,6,SEDG,Control,974,0.0052,0.0044,0.0056,0.0116,0.0058,0.0162,0.0059,0.0115,0.0142,0.0064,6.31,0.00868,8.454320000000001,1.8421356765531218,2.134677553332657
F7.BRODIA.1,BRODIA,Bromus diandrus,Non-native,Grass,Annual,MR,8/2/23,F7,1,F,7,WWP,Control,702,0.0046,0.006,0.0138,0.0086,0.0083,0.0065,0.0095,0.0118,0.0062,0.0098,4.55,0.00851,5.97402,1.5151272329628591,1.7874200676289569
F8.BRODIA.1,BRODIA,Bromus diandrus,Non-native,Grass,Annual,AT,8/2/23,F8,1,F,8,BORR,Control,1399,0.0037,0.0029,0.0074,0.0101,0.0048,0.0039,0.0032,0.01,0.0016,0.0074,7.95,0.0055,7.6945,2.0731719286662407,2.040505787921769
G2.BRODIA.1,BRODIA,Bromus diandrus,Non-native,Grass,Annual,SS,5/22/23,G2,2,G,2,MCL,Control,1029,0.0027,0.0078,0.0042,0.0032,0.0059,0.0072,0.0082,0.003,0.00438,0.0031,8.61,0.004968,5.112072,2.152924318439639,1.6316048014830902
G3.BRODIA.1,BRODIA,Bromus diandrus,Non-native,Grass,Annual,SS,6/11/23,G3,2,G,3,SEDG,Control,1018,0.0056,0.0048,0.0119,0.00945,0.0078,0.0064,0.0085,0.0151,0.009,0.0078,6.87,0.008635,8.79043,1.927164106234258,2.173663629726973
G4.BRODIA.1,BRODIA,Bromus diandrus,Non-native,Grass,Annual,JBL,8/2/23,G4,2,G,4,WWP,Control,1446,0.004371429,0.004075,0.0075,0.006633333,0.0052,0.00775,0.00324,0.0114,0.003957143,0.00695,6.39,0.0061076904999999996,8.831720463,1.8547342683894434,2.1783498385583093
G5.BRODIA.1,BRODIA,Bromus diandrus,Non-native,Grass,Annual,LT,5/23/23,G5,2,G,5,MCL,Control,575,0.008,0.0111,0.0103,0.0092,0.0106,0.0108,0.0101,0.0089,0.0104,0.0049,6.73,0.009430000000000001,5.422250000000001,1.9065751436566365,1.6905108584605797
G6.BRODIA.1,BRODIA,Bromus diandrus,Non-native,Grass,Annual,MF,8/2/23,G6,2,G,6,ANGELO,Control,1117,0.0059,0.0078,0.0065,0.0036,0.008,0.008,0.0047,0.0076,0.0076,0.0082,7.11,0.00679,7.58443,1.9615022438151495,2.0260974616576686
G7.BRODIA.1,BRODIA,Bromus diandrus,Non-native,Grass,Annual,LT,8/2/23,G7,2,G,7,ANGELO,Control,1550,0.0067,0.0048,0.0087,0.0041,0.0066,0.0066,0.0076,0.0058,0.0055,0.0057,17.21,0.00621,9.6255,2.845490610223448,2.264415826876543
G8.BRODIA.1,BRODIA,Bromus diandrus,Non-native,Grass,Annual,JB,5/23/23,G8,2,G,8,BORR,Control,230,0.0051,0.00362,0.0025,0.00515,0.0045,0.003333333,0.0011,0.00302,0.003733333,0.005733333,1.59,0.0037789999,0.8691699770000001,0.4637340162321402,-0.140216572153617
H1.BRODIA.1,BRODIA,Bromus diandrus,Non-native,Grass,Annual,MH,6/11/23,H1,3,H,1,SEDG,Control,1580,0.0045,0.0064,0.0059,0.0035,0.0073,0.0105,0.0046,0.0044,0.0059,0.0049,12.1,0.00579,9.1482,2.4932054526026954,2.2135571386237793
H2.BRODIA.1,BRODIA,Bromus diandrus,Non-native,Grass,Annual,AC,5/23/23,H2,3,H,2,ANGELO,Control,696,0.0067,0.0028,0.0049,0.0077,0.0065,0.0071,0.0067,0.003,0.0047,0.0075,8.06,0.00576,4.00896,2.086913556518537,1.3885318560600826
H3.BRODIA.1,BRODIA,Bromus diandrus,Non-native,Grass,Annual,MH,8/2/23,H3,3,H,3,WWP,Control,973,0.0041,0.0076,0.002,0.0076,0.0059,0.0032,0.0058,0.0068,0.0098,0.0072,5.61,0.006,5.838,1.724550719534605,1.764388272431923
H4.BRODIA.1,BRODIA,Bromus diandrus,Non-native,Grass,Annual,LT,5/23/23,H4,3,H,4,MCL,Control,950,0.0053,0.0048,0.0042,0.0046,0.0049,0.0046,0.0046,0.0034,0.0033,0.003,8.9,0.0042699999999999995,4.0565,2.186051276738094,1.4003205328529826
H5.BRODIA.1,BRODIA,Bromus diandrus,Non-native,Grass,Annual,AT,5/23/23,H5,3,H,5,BORR,Control,355,0.0098,0.0048,0.0077,0.004,0.0046,0.0079,0.0058,0.0082,0.0055,0.0074,5.11,0.00657,2.33235,1.631199404215613,0.8468763429897979
H6.BRODIA.1,BRODIA,Bromus diandrus,Non-native,Grass,Annual,LT,5/23/23,H6,3,H,6,ANGELO,Control,1339,0.0086,0.0075,0.0076,0.0074,0.0085,0.0075,0.0069,0.0065,0.0085,0.0078,15.9,0.00768,10.283520000000001,2.766319109226186,2.3305426138686163
H7.BRODIA.1,BRODIA,Bromus diandrus,Non-native,Grass,Annual,MF,5/23/23,H7,3,H,7,MCL,Control,308,0.0029,0.0036,0.0038,0.0056,0.0046,0.0031,0.0036,0.0036,0.0041,0.0047,3.52,0.00396,1.21968,1.2584609896100056,0.19858852925782666
H8.BRODIA.1,BRODIA,Bromus diandrus,Non-native,Grass,Annual,MR,8/2/23,H8,3,H,8,SEDG,Control,1143,0.0059,0.0067,0.0068,0.0065,0.0046,0.0128,0.0035,0.0059,0.005,0.0048,5.6,0.00625,7.143750000000001,1.7227665977411035,1.966237848560984
I2.BRODIA.1,BRODIA,Bromus diandrus,Non-native,Grass,Annual,LT/JB,6/11/23,I2,4,I,2,SEDG,Drought,1166,0.0026,0.0052,0.0106,0.0031,0.00504,0.01115,0.003325,0.0137,0.004633333,0.008,9.43,0.0067348333,7.852815627799999,2.2438960966453663,2.060872146185126
I3.BRODIA.1,BRODIA,Bromus diandrus,Non-native,Grass,Annual,AS/MF,8/3/23,I3,4,I,3,WWP,Drought,2130,0.0284,0.0377,0.019,0.0382,0.0225,0.0235,0.0203,0.0257,0.0223,0.0325,9.67,0.02701,57.5313,2.269028309465203,4.052329147525858
I5.BRODIA.1,BRODIA,Bromus diandrus,Non-native,Grass,Annual,AT,5/23/23,I5,4,I,5,ANGELO,Drought,2540,0.0267,0.0264,0.0167,0.0204,0.0276,0.0214,0.0386,0.0231,0.0142,0.0091,26.98,0.02242,56.946799999999996,3.2950958507796098,4.042117498674459
I6.BRODIA.1,BRODIA,Bromus diandrus,Non-native,Grass,Annual,MR,8/3/23,I6,4,I,6,ANGELO,Drought,1244,0.0055,0.0053,0.0049,0.0054,0.007,0.0058,0.0082,0.0043,0.0057,0.0067,6.29,0.00588,7.3147199999999994,1.8389610707123492,1.9898887562275231
I8.BRODIA.1,BRODIA,Bromus diandrus,Non-native,Grass,Annual,AS,6/11/23,I8,4,I,8,ANGELO,Drought,2276,0.0172,0.0165,0.0204,0.0321,0.0172,0.0168,0.0182,0.0268,0.0203,0.0159,4.53,0.020139999999999998,45.83864,1.5107219394949427,3.8251274035545006
J1.BRODIA.1,BRODIA,Bromus diandrus,Non-native,Grass,Annual,SS,8/3/23,J1,5,J,1,BORR,Drought,228,0.0084,0.005,0.0046,0.0053,0.0028,0.0092,0.0066,0.0107,0.0127,0.0103,3.03,0.00756,1.7236799999999999,1.1085626195212777,0.5444615401637453
J1.BRODIA.1,BRODIA,Bromus diandrus,Non-native,Grass,Annual,AT,8/3/23,J1,5,J,1,BORR,Drought,569,0.0033,0.0035,0.0038,0.0095,0.0021,0.0063,0.0031,0.0036,0.0091,0.0062,4.01,0.00505,2.87345,1.3887912413184778,1.0555133984314624
J3.BRODIA.1,BRODIA,Bromus diandrus,Non-native,Grass,Annual,OH,5/17/23,J3,5,J,3,MCL,Drought,441,0.0083,0.0062,0.0044,0.0043,0.004,0.0087,0.0037,0.0044,0.0054,0.0043,4.84,0.00537,2.36817,1.5769147207285403,0.8621175049854823
J4.BRODIA.1,BRODIA,Bromus diandrus,Non-native,Grass,Annual,LT,8/3/23,J4,5,J,4,WWP,Drought,677,0.0108,0.0045,0.0139,0.0113,0.0101,0.0108,0.0084,0.0136,0.0085,0.0101,4.08,0.010199999999999999,6.905399999999999,1.4060969884160703,1.9323037142203632
J5.BRODIA.1,BRODIA,Bromus diandrus,Non-native,Grass,Annual,AT,NA,J5,5,J,5,SEDG,Drought,618,0.0067,0.0059,0.0046,0.0062,0.0061,0.0049,0.0072,0.0103,0.0031,0.0026,0.21,0.00576,3.55968,-1.5606477482646683,1.2696706531833537
J6.BRODIA.1,BRODIA,Bromus diandrus,Non-native,Grass,Annual,AT,8/3/23,J6,5,J,6,MCL,Drought,905,0.0076,0.0088,0.0097,0.0043,0.0107,0.0105,0.0111,0.0054,0.0016,0.0023,14.98,0.0072,6.516,2.7067159780890733,1.8742606907397987
J7.BRODIA.1,BRODIA,Bromus diandrus,Non-native,Grass,Annual,MF,5/23/23,J7,5,J,7,WWP,Drought,319,0.0056,0.0092,0.0028,0.0095,0.002,0.0111,0.011,0.0084,0.0065,0.0138,2.65,0.00799,2.54881,0.9745596399981308,0.9356265835808908
J8.BRODIA.1,BRODIA,Bromus diandrus,Non-native,Grass,Annual,AS,5/23/23,J8,5,J,8,SEDG,Drought,781,0.0223,0.0251,0.0254,0.0299,0.0228,0.0298,0.0314,0.0264,0.0349,0.0291,7.21,0.02771,21.64151,1.9754689512968577,3.074613229732436
A1.BROHOR.1,BROHOR,Bromus hordeaceaus,Non-native,Grass,Annual,AT,6/12/23,A1,1,A,1,ANGELO,Drought,971,0.0027,0.0012,0.0029,0.003,0.0028,0.0032,0.0033,0.0031,0.0038,0.0051,3.59,0.00311,3.01981,1.2781522025001875,1.1051939155003307
A3.BROHOR.1,BROHOR,Bromus hordeaceaus,Non-native,Grass,Annual,NJ,5/16/23,A3,1,A,3,BORR,Drought,496,0.001,0.0017,9e-4,9e-4,0.001,0.0014,9e-4,7e-4,8e-4,7e-4,1.66,0.001,0.496,0.5068176023684519,-0.7011793522572096
A5.BROHOR.1,BROHOR,Bromus hordeaceaus,Non-native,Grass,Annual,AC,5/16/23,A5,1,A,5,MCL,Drought,226,0.002,0.0013,0.0016,0.0011,0.0011,0.0015,0.0015,0.0012,9e-4,7e-4,0.53,0.00129,0.29153999999999997,-0.6348782724359695,-1.2325780613362705
A6.BROHOR.1,BROHOR,Bromus hordeaceaus,Non-native,Grass,Annual,MR,5/16/23,A6,1,A,6,SEDG,Drought,624,0.0019,0.0015,0.0013,0.0021,5e-4,0.0015,0.0024,0.002,0.0018,0.0019,1.78,0.0016899999999999999,1.05456,0.5766133643039938,0.053123618322272664
A7.BROHOR.1,BROHOR,Bromus hordeaceaus,Non-native,Grass,Annual,MR,5/16/23,A7,1,A,7,SEDG,Drought,1282,0.0014,0.0018,0.002,0.0019,0.002,0.0016,0.0021,0.0015,0.0015,0.0021,2.2,0.00179,2.29478,0.7884573603642703,0.8306369783511418
A8.BROHOR.1,BROHOR,Bromus hordeaceaus,Non-native,Grass,Annual,AC,5/16/23,A8,1,A,8,MCL,Drought,1057,0.0018,0.0021,0.002,0.0015,0.002,0.0013,0.0017,0.0019,8e-4,0.0013,2.9,0.00164,1.73348,1.0647107369924282,0.5501309487242075
B1.BROHOR.1,BROHOR,Bromus hordeaceaus,Non-native,Grass,Annual,MR,5/16/23,B1,2,B,1,BORR,Drought,611,0.0022,0.0023,0.0019,0.0018,0.0015,0.002,0.0022,0.0022,0.0023,0.0024,2.47,0.00208,1.2708799999999998,0.9042181506398859,0.23970957390268471
B2.BROHOR.1,BROHOR,Bromus hordeaceaus,Non-native,Grass,Annual,AS,5/16/23,B2,2,B,2,MCL,Drought,4915,0.0013,0.0015,0.0025,0.0021,0.0019,0.0018,0.0022,0.0027,0.0023,0.0019,15.12,0.00202,9.9283,2.716018370751387,2.2953892650122434
B3.BROHOR.1,BROHOR,Bromus hordeaceaus,Non-native,Grass,Annual,MH,5/17/23,B3,2,B,3,SEDG,Drought,93,0.0011,9e-4,6e-4,9e-4,0.0013,0.001,0.0011,9e-4,0.0012,0.001,0.21,0.001,0.093,-1.5606477482646683,-2.375155785828881
B5.BROHOR.1,BROHOR,Bromus hordeaceaus,Non-native,Grass,Annual,MR,5/23/23,B5,2,B,5,MCL,Drought,224,9e-4,7e-4,6e-4,0.0013,5e-4,0.0015,0.0013,0.0015,9e-4,0.0017,0.48,0.00109,0.24416000000000002,-0.7339691750802004,-1.4099315308860447
B6.BROHOR.1,BROHOR,Bromus hordeaceaus,Non-native,Grass,Annual,MR,5/17/23,B6,2,B,6,SEDG,Drought,2646,0.0022,0.002,0.0021,0.0024,0.0015,0.0023,0.0023,0.0015,0.0017,0.0016,5.73,0.00196,5.18616,1.7457155307266483,1.6459935389351898
B7.BROHOR.1,BROHOR,Bromus hordeaceaus,Non-native,Grass,Annual,MH,7/17/23,B7,2,B,7,BORR,Drought,394,0.0023,0.0023,0.0019,0.0022,0.002,0.0021,0.0017,0.0017,0.0018,0.0019,1.97,0.00199,0.78406,0.6780335427498971,-0.24326973094780224
C2.BROHOR.1,BROHOR,Bromus hordeaceaus,Non-native,Grass,Annual,MR,5/23/23,C2,3,C,2,SEDG,Drought,178,7e-4,3e-4,2e-4,4e-4,6e-4,4e-4,3e-4,4e-4,3e-4,6e-4,0.3,4.1999999999999996e-4,0.07476,-1.2039728043259361,-2.593472296394775
C3.BROHOR.1,BROHOR,Bromus hordeaceaus,Non-native,Grass,Annual,SS,5/17/23,C3,3,C,3,ANGELO,Drought,435,0.001,9e-4,0.0014,0.001,0.0015,0.0014,9e-4,0.0011,0.0015,0.0011,1.36,0.00118,0.5133,0.3074846997479607,-0.6668948094158796
C4.BROHOR.1,BROHOR,Bromus hordeaceaus,Non-native,Grass,Annual,NJ,5/17/23,C4,3,C,4,BORR,Drought,510,0.001,0.0011,7e-4,9e-4,8e-4,8e-4,0.0011,9e-4,0.0011,0.0011,1.86,9.5e-4,0.4845,0.62057648772511,-0.7246378476513161
C5.BROHOR.1,BROHOR,Bromus hordeaceaus,Non-native,Grass,Annual,MR,5/17/23,C5,3,C,5,BORR,Drought,1104,0.0018,0.0017,0.002,0.0018,0.0014,0.0019,0.0015,0.0019,0.0017,0.0016,2.85,0.00173,1.90992,1.0473189942805592,0.6470613563645912
C8.BROHOR.1,BROHOR,Bromus hordeaceaus,Non-native,Grass,Annual,MR,5/23/23,C8,3,C,8,ANGELO,Drought,954,0.002,0.0014,0.0017,0.0014,0.0013,0.0014,0.0015,0.0017,0.0019,0.0016,3.89,0.00159,1.51686,1.358409157630355,0.4166424086982897
D1.BROHOR.1,BROHOR,Bromus hordeaceaus,Non-native,Grass,Annual,AS,5/24/23,D1,4,D,1,ANGELO,Control,1113,0.0014,0.0014,0.0013,0.0011,0.0015,0.001,7e-4,0.001,0.0016,7e-4,4.63,0.00117,1.30221,1.5325568680981427,0.2640628211030726
D2.BROHOR.1,BROHOR,Bromus hordeaceaus,Non-native,Grass,Annual,LT,5/17/23,D2,4,D,2,BORR,Control,351,8e-4,0.0012,0.0015,0.0012,0.0012,0.0011,0.0012,0.0015,0.0011,7e-4,1.42,0.00115,0.40365,0.35065687161316933,-0.9072071131411126
D4.BROHOR.1,BROHOR,Bromus hordeaceaus,Non-native,Grass,Annual,LT,5/17/23,D4,4,D,4,MCL,Control,1279,0.0014,0.0014,0.0013,0.0012,0.0012,0.0018,0.0015,0.0016,0.0014,0.0013,3.92,0.00141,1.80339,1.366091653802371,0.5896682269867826
D6.BROHOR.1,BROHOR,Bromus hordeaceaus,Non-native,Grass,Annual,OH/AS,5/17/23,D6,4,D,6,BORR,Control,1145,0.006,0.0013,0.0016,8e-4,0.001,0.0014,0.0011,9e-4,7e-4,9e-4,3.01,0.00157,1.79765,1.1019400787607843,0.58648025636641965
D8.BROHOR.1,BROHOR,Bromus hordeaceaus,Non-native,Grass,Annual,AS,5/17/23,D8,4,D,8,SEDG,Control,708,8e-4,0.0014,0.0011,0.0012,0.0015,0.002,0.0011,0.0011,0.0018,0.0013,1.19,0.00133,0.94164,0.17395330712343798,-0.06013224305475486
E1.BROHOR.1,BROHOR,Bromus hordeaceaus,Non-native,Grass,Annual,MH,5/24/23,E1,5,E,1,ANGELO,Control,2278,0.001,0.0012,0.0014,0.001,8e-4,7e-4,0.0016,0.0013,9e-4,9e-4,9.36,0.00108,2.46024,2.2364452904895007,0.9002589061611188
E3.BROHOR.1,BROHOR,Bromus hordeaceaus,Non-native,Grass,Annual,CC/MR,5/24/23,E3,5,E,3,ANGELO,Control,902,0.0016,6e-4,0.001,0.0013,0.0015,0.0011,0.0012,0.0012,0.0014,0.0011,8.84,0.0012,1.0823999999999998,2.179286876649552,0.07918079787444106
E5.BROHOR.1,BROHOR,Bromus hordeaceaus,Non-native,Grass,Annual,AT,5/17/23,E5,5,E,5,SEDG,Control,515,0.0011,7e-4,7e-4,8e-4,6e-4,0.0021,0.0012,6e-4,9e-4,0.001,1.43,9.699999999999999e-4,0.49955,0.3576744442718159,-0.6940475858031094
E6.BROHOR.1,BROHOR,Bromus hordeaceaus,Non-native,Grass,Annual,JBL,6/12/23,E6,5,E,6,SEDG,Control,2541,0.001075,0.0011625,8e-4,0.00105,9.5e-4,8.5e-4,0.001016667,9e-4,8.5e-4,6e-4,5.17,9.254167e-4,2.3514838347,1.6428726885203377,0.8550465479162278
E7.BROHOR.1,BROHOR,Bromus hordeaceaus,Non-native,Grass,Annual,AS/NJ,5/17/23,E7,5,E,7,MCL,Control,1117,8e-4,0.0012,9e-4,0.01,3e-4,6e-4,9e-4,1e-4,5e-4,1e-4,2.75,0.00154,1.7201799999999998,1.0116009116784799,0.5424289365126014
E8.BROHOR.1,BROHOR,Bromus hordeaceaus,Non-native,Grass,Annual,MR,5/17/23,E8,5,E,8,BORR,Control,170,0.0019,0.0022,0.0021,0.0019,0.0012,0.0018,0.0012,0.0012,0.0014,0.002,0.58,0.0016899999999999999,0.2873,-0.5447271754416722,-1.247228312996893
F3.BROHOR.1,BROHOR,Bromus hordeaceaus,Non-native,Grass,Annual,MR,5/16/23,F3,1,F,3,BORR,Control,225,0.0021,0.0021,0.0019,0.001,0.0022,0.0015,0.0015,0.0018,0.0018,0.0021,0.96,0.0018,0.40499999999999997,-0.040821994520255166,-0.903868211875598
F4.BROHOR.1,BROHOR,Bromus hordeaceaus,Non-native,Grass,Annual,AC,5/16/23,F4,1,F,4,MCL,Control,1574,0.0014,0.0014,9e-4,0.0013,0.0012,6e-4,0.0011,0.0012,0.0011,0.001,4.21,0.00112,1.7628799999999998,1.43746264769429,0.5669488353022145
F5.BROHOR.1,BROHOR,Bromus hordeaceaus,Non-native,Grass,Annual,MH,6/12/23,F5,1,F,5,MCL,Control,333,0.0016,0.0016,0.0018,0.0016,0.0015,0.002,0.0018,0.002,0.0018,0.0017,0.03,0.00174,0.57942,-3.506557897319982,-0.5457276757752555
F6.BROHOR.1,BROHOR,Bromus hordeaceaus,Non-native,Grass,Annual,MR,5/16/23,F6,1,F,6,SEDG,Control,347,0.0017,0.0021,0.0022,0.0014,0.0014,0.0018,0.0019,0.0018,0.0016,0.0019,0.67,0.00178,0.61766,-0.40047756659712525,-0.4818171347312841
F8.BROHOR.1,BROHOR,Bromus hordeaceaus,Non-native,Grass,Annual,LT,NA,F8,1,F,8,BORR,Control,1049,0.001,0.0011,0.001,0.001,0.0024,6e-4,0.0013,0.0011,0.001,8e-4,1.9,0.00113,1.18537,0.6418538861723947,0.17005496213840934
G1.BROHOR.1,BROHOR,Bromus hordeaceaus,Non-native,Grass,Annual,CC,5/17/23,G1,2,G,1,BORR,Control,132,5e-4,8e-4,0.0013,0.0017,0.0014,6e-4,8e-4,0.0011,0.0013,8e-4,1.9,0.00103,0.13596000000000003,0.6418538861723947,-1.9953945541542215
G2.BROHOR.1,BROHOR,Bromus hordeaceaus,Non-native,Grass,Annual,AS,5/17/23,G2,2,G,2,MCL,Control,890,0.0011,0.0015,0.0011,0.0015,0.0021,0.0015,0.002,0.0015,0.0015,0.0019,2.45,0.00157,1.3973,0.8960880245566357,0.3345418031042651
G3.BROHOR.1,BROHOR,Bromus hordeaceaus,Non-native,Grass,Annual,CC,5/17/23,G3,2,G,3,SEDG,Control,784,0.0019,0.0019,0.0019,0.0015,6e-4,0.0025,0.0016,0.0017,0.0025,0.0033,1.3,0.00194,1.52096,0.26236426446749106,0.4193417144435076
G5.BROHOR.1,BROHOR,Bromus hordeaceaus,Non-native,Grass,Annual,NA,5/17/23,G5,2,G,5,MCL,Control,596,0.0012,9e-4,9e-4,8e-4,9e-4,0.0011,0.0011,0.001,4e-4,2e-4,1.77,8.5e-4,0.5065999999999999,0.5709795465857378,-0.6800335414145623
G6.BROHOR.1,BROHOR,Bromus hordeaceaus,Non-native,Grass,Annual,AC,5/24/23,G6,2,G,6,ANGELO,Control,866,0.0012,0.001,0.0012,0.0014,0.0011,0.0011,0.001,0.0013,0.001,0.0012,2.52,0.00115,0.9959,0.9242589015233319,-0.004108428044543191
G7.BROHOR.1,BROHOR,Bromus hordeaceaus,Non-native,Grass,Annual,NJ,5/17/23,G7,2,G,7,ANGELO,Control,538,0.001,0.001,0.0012,8e-4,9e-4,0.012,0.0013,0.0012,0.0011,0.001,1.43,0.00215,1.1567,0.3576744442718159,0.14557112331921884
G8.BROHOR.1,BROHOR,Bromus hordeaceaus,Non-native,Grass,Annual,MR,5/17/23,G8,2,G,8,BORR,Control,340,3e-4,8e-4,3e-4,1e-4,1e-4,2e-4,8e-4,1e-4,1e-4,1e-4,1.12,2.9e-4,0.09860000000000001,0.11332868530700327,-2.3166840173735475
H1.BROHOR.1,BROHOR,Bromus hordeaceaus,Non-native,Grass,Annual,MR,5/17/23,H1,3,H,1,SEDG,Control,1132,0.0016,0.0017,0.0018,NA,NA,NA,NA,NA,NA,NA,1.21,0.0017,1.9243999999999999,0.1906203596086497,0.6546142308431615
H2.BROHOR.1,BROHOR,Bromus hordeaceaus,Non-native,Grass,Annual,MR,NA,H2,3,H,2,ANGELO,Control,415,0.0016,0.0019,0.0013,0.0021,0.0019,0.0021,0.0017,0.002,0.0018,0.0022,1.61,0.0018599999999999999,0.7718999999999999,0.4762341789963717,-0.25890027102632895
H4.BROHOR.1,BROHOR,Bromus hordeaceaus,Non-native,Grass,Annual,MR,5/17/23,H4,3,H,4,MCL,Control,643,0.0017,0.0016,0.0016,0.0017,0.0018,0.0016,0.002,0.0018,0.0016,0.0021,1.81,0.00175,1.12525,0.5933268452777344,0.1180052331909051
H5.BROHOR.1,BROHOR,Bromus hordeaceaus,Non-native,Grass,Annual,AC,5/24/23,H5,3,H,5,BORR,Control,466,0.0021,0.0017,0.0023,0.0019,0.0019,0.0019,0.0019,0.0017,0.0014,0.0015,1.84,0.00183,0.85278,0.6097655716208943,-0.15925367800316162
H6.BROHOR.1,BROHOR,Bromus hordeaceaus,Non-native,Grass,Annual,JBL,5/24/23,H6,3,H,6,ANGELO,Control,633,0.0012,5e-4,0.00116,6.33333e-4,2e-4,8.75e-4,0.001266667,0.00125,4.33333e-4,5.33333e-4,2.82,8.051665999999999e-4,0.5096704578,1.0367368849500223,-0.6739909232923421
H7.BROHOR.1,BROHOR,Bromus hordeaceaus,Non-native,Grass,Annual,AT,5/17/23,H7,3,H,7,MCL,Control,358,0.0019,8e-4,0.0013,0.0018,7e-4,0.0018,0.0012,0.0015,0.0011,0.0012,0.99,0.00133,0.47614,-0.01005033585350145,-0.7420433503477744
H8.BROHOR.1,BROHOR,Bromus hordeaceaus,Non-native,Grass,Annual,MR,5/17/23,H8,3,H,8,SEDG,Control,2430,0.0012,0.001,0.0017,0.0019,0.0013,0.0018,0.0017,0.0015,0.0011,0.0015,3.16,0.00147,3.5721,1.1505720275988207,1.273153658143102
I1.BROHOR.1,BROHOR,Bromus hordeaceaus,Non-native,Grass,Annual,MR,5/17/23,I1,4,I,1,BORR,Drought,1045,0.0021,0.002,0.0011,0.0019,0.0014,0.0015,0.0012,0.0021,0.0024,0.0016,2.54,0.00173,1.80785,0.9321640810304452,0.5921382939264619
I4.BROHOR.1,BROHOR,Bromus hordeaceaus,Non-native,Grass,Annual,LT,5/17/23,I4,4,I,4,BORR,Drought,1240,9e-4,0.0018,0.0013,0.0016,0.0017,0.0015,0.0022,0.0011,0.0013,0.0021,6.28,0.00155,1.922,1.8373699804801074,0.6533663105481007
I5.BROHOR.1,BROHOR,Bromus hordeaceaus,Non-native,Grass,Annual,SS,5/17/23,I5,4,I,5,ANGELO,Drought,772,0.0011,0.002,0.001,0.0016,9e-4,0.0017,0.0012,0.0013,0.0011,0.0015,1.88,0.00134,1.03448,0.6312717768418578,0.033898885005459185
I6.BROHOR.1,BROHOR,Bromus hordeaceaus,Non-native,Grass,Annual,LT,5/24/23,I6,4,I,6,ANGELO,Drought,2882,5e-4,4e-4,0.001,8e-4,0.0011,0.0012,9e-4,7e-4,9e-4,7e-4,9.96,8.2e-4,2.36324,2.298577071596507,0.860033558853492
J1.BROHOR.1,BROHOR,Bromus hordeaceaus,Non-native,Grass,Annual,MR,5/17/23,J1,5,J,1,BORR,Drought,348,0.0015,0.0025,0.002,0.0015,0.0027,0.0022,0.0025,0.0025,0.0024,0.0018,1.07,0.00216,0.75168,0.06765864847381486,-0.2854445775115891
J2.BROHOR.1,BROHOR,Bromus hordeaceaus,Non-native,Grass,Annual,AS,5/17/23,J2,5,J,2,ANGELO,Drought,242,0.0019,0.0013,0.0018,0.0018,0.0019,0.0021,0.0021,0.0016,0.0023,0.0021,0.94,0.00189,0.45738,-0.06187540371808753,-0.7822407237538996
J5.BROHOR.1,BROHOR,Bromus hordeaceaus,Non-native,Grass,Annual,AS,5/17/23,J5,5,J,5,SEDG,Drought,561,7e-4,0.0019,0.0018,0.0015,0.0017,0.0014,0.0015,0.0022,0.0017,0.0016,4.6,0.0016,0.8976000000000001,1.5260563034950492,-0.10803074421370511
J6.BROHOR.1,BROHOR,Bromus hordeaceaus,Non-native,Grass,Annual,MH,5/17/23,J6,5,J,6,MCL,Drought,687,0.002,0.0023,0.0016,0.0017,0.002,0.0018,0.0024,0.0018,0.0026,0.0027,2.4,0.00209,1.43583,0.8754687373538999,0.3617430792169319
J8.BROHOR.1,BROHOR,Bromus hordeaceaus,Non-native,Grass,Annual,MF,5/17/23,J8,5,J,8,SEDG,Drought,805,0.0012,0.0021,0.0027,0.0025,0.0021,0.0022,0.0026,0.002,0.0026,0.0011,1.69,0.00211,1.69855,0.5247285289349821,0.5297749459244014
A2.BROMAD.1,BROMAD,Bromus madritensis,Non-native,Grass,Annual,AS,5/17/23,A2,1,A,2,WWP,Drought,108,0.0011,9e-4,0.0014,0.0012,0.001,0.0011,8e-4,0.0011,8e-4,9e-4,0.06,0.00103,0.11124,-2.8134107167600364,-2.196065249616373
A4.BROMAD.1,BROMAD,Bromus madritensis,Non-native,Grass,Annual,LT,5/17/23,A4,1,A,4,WWP,Drought,812,0.0013,0.0011,0.0012,0.0012,0.0013,0.0011,0.0012,0.0011,5e-4,0.0012,0.52,0.00112,0.9094399999999999,-0.6539264674066639,-0.09492625351345602
A5.BROMAD.1,BROMAD,Bromus madritensis,Non-native,Grass,Annual,AT,5/17/23,A5,1,A,5,MCL,Drought,170,5e-4,7e-4,3e-4,5e-4,6e-4,0.0011,8e-4,8e-4,3e-4,6e-4,0.23,6.2e-4,0.1054,-1.4696759700589417,-2.2499926428748753
A7.BROMAD.1,BROMAD,Bromus madritensis,Non-native,Grass,Annual,AS/MH,5/17/23,A7,1,A,7,SEDG,Drought,751,3e-4,4e-4,0.0015,0.0013,0.0012,0.0012,0.0013,0.0017,5e-4,4e-4,0.59,9.8e-4,0.73598,-0.527632742082372,-0.3065523345355218
A8.BROMAD.1,BROMAD,Bromus madritensis,Non-native,Grass,Annual,AT,5/17/23,A8,1,A,8,MCL,Drought,188,5e-4,0.0021,2e-4,0.003,2e-4,0.0021,1e-4,6e-4,9e-4,0.0026,0.16,0.00123,0.23124,-1.8325814637483102,-1.4642991467678617
B3.BROMAD.1,BROMAD,Bromus madritensis,Non-native,Grass,Annual,JBL,5/17/23,B3,2,B,3,SEDG,Drought,1150,0.001,0.0012,6e-4,0.0013,9e-4,0.0014,0.0017,0.0012,9e-4,0.0015,3.39,0.00117,1.3455000000000001,1.220829921392359,0.29676569118482354
B6.BROMAD.1,BROMAD,Bromus madritensis,Non-native,Grass,Annual,SS,5/17/23,B6,2,B,6,SEDG,Drought,1046,0.0017,0.0012,0.0014,0.0016,6e-4,0.0012,8e-4,9e-4,0.0024,0.0011,1.55,0.00129,1.34934,0.4382549309311553,0.2996155840163119
B8.BROMAD.1,BROMAD,Bromus madritensis,Non-native,Grass,Annual,MF,5/17/23,B8,2,B,8,WWP,Drought,642,0.0012,0.0016,0.0019,0.0012,6e-4,0.001,0.0015,0.0014,0.0012,9e-4,0.79,0.00125,0.8025,-0.23572233352106983,-0.22002342397796612
C1.BROMAD.1,BROMAD,Bromus madritensis,Non-native,Grass,Annual,AC,5/17/23,C1,3,C,1,MCL,Drought,1070,7e-4,7e-4,0.0011,0.0011,6e-4,7e-4,2e-4,8e-4,0.0013,0.0011,1.45,8.3e-4,0.8881,0.371563556432483,-0.11867092971767863
C2.BROMAD.1,BROMAD,Bromus madritensis,Non-native,Grass,Annual,LT,5/17/23,C2,3,C,2,SEDG,Drought,126,0.0011,0.0012,0.0015,0.0012,0.0014,0.0011,0.0015,0.0012,0.0011,9e-4,0.27,0.00122,0.15372,-1.3093333199837622,-1.872622513285494
C6.BROMAD.1,BROMAD,Bromus madritensis,Non-native,Grass,Annual,LT,5/17/23,C6,3,C,6,WWP,Drought,700,0.0015,9e-4,8e-4,9e-4,0.0015,7e-4,0.0017,0.0016,0.0014,0.0012,0.52,0.00122,0.854,-0.6539264674066639,-0.15782408519356722
C7.BROMAD.1,BROMAD,Bromus madritensis,Non-native,Grass,Annual,MF,5/17/23,C7,3,C,7,WWP,Drought,716,0.001,0.0014,6e-4,0.0017,6e-4,7e-4,6e-4,0.0012,0.0015,0.0011,0.61,0.00104,0.74464,-0.4942963218147801,-0.2948543988682102
D3.BROMAD.1,BROMAD,Bromus madritensis,Non-native,Grass,Annual,MR,5/17/23,D3,4,D,3,WWP,Control,466,0.0025,0.0011,0.0023,0.0026,0.0028,0.0026,0.0028,0.0027,0.0023,0.0024,0.52,0.00241,1.12306,-0.6539264674066639,0.1160571026460724
D4.BROMAD.1,BROMAD,Bromus madritensis,Non-native,Grass,Annual,AS,5/17/23,D4,4,D,4,MCL,Control,584,0.0015,4e-4,0.0019,0.0014,0.001,0.0012,0.0016,0.0021,5e-4,0.0012,0.43,0.0012799999999999999,0.74752,-0.843970070294529,-0.29099421822238425
D5.BROMAD.1,BROMAD,Bromus madritensis,Non-native,Grass,Annual,OH,5/17/23,D5,4,D,5,WWP,Control,148,6e-4,4e-4,0.0012,0.0011,0.0012,0.001,0.001,0.0013,0.0012,7e-4,0.29,9.699999999999999e-4,0.14356,-1.2378743560016174,-1.9410022127027307
D7.BROMAD.1,BROMAD,Bromus madritensis,Non-native,Grass,Annual,AS,5/17/23,D7,4,D,7,SEDG,Control,275,0.0014,0.0011,0.0012,8e-4,5e-4,0.0014,0.0016,0.0014,7e-4,0.0012,0.29,0.00113,0.31074999999999997,-1.2378743560016174,-1.1687665485913166
D8.BROMAD.1,BROMAD,Bromus madritensis,Non-native,Grass,Annual,JBL,5/17/23,D8,4,D,8,SEDG,Control,423,9.5e-4,0.002366667,0.00205,0.0021,8.66667e-4,9e-4,9.5e-4,6e-4,0.0011,0.00125,0.37,0.0013133334,0.5555400282,-0.9942522733438669,-0.5878146145327062
E2.BROMAD.1,BROMAD,Bromus madritensis,Non-native,Grass,Annual,JBL,5/17/23,E2,5,E,2,WWP,Control,1286,0.002,9.16667e-4,8.33333e-4,8.71429e-4,0.0013,0.0011,9.71429e-4,0.0014,5.2e-4,8.88e-4,1.48,0.0010800858,1.3889903388,0.3920420877760237,0.32857710824045766
E4.BROMAD.1,BROMAD,Bromus madritensis,Non-native,Grass,Annual,OH,5/17/23,E4,5,E,4,WWP,Control,733,0.001,6e-4,0.0011,8e-4,6e-4,0.0012,9e-4,0.0017,8e-4,0.0013,0.92,0.001,0.733,-0.08338160893905101,-0.3106095770954856
E5.BROMAD.1,BROMAD,Bromus madritensis,Non-native,Grass,Annual,AT,5/17/23,E5,5,E,5,SEDG,Control,1481,7e-4,7e-4,0.0016,4e-4,6e-4,8e-4,3e-4,0.0019,4e-4,4e-4,1.12,7.8e-4,1.1551799999999999,0.11332868530700327,0.14425617598716198
E6.BROMAD.1,BROMAD,Bromus madritensis,Non-native,Grass,Annual,JBL,5/17/23,E6,5,E,6,SEDG,Control,312,0.0017,0.002033333,0.0021,0.0025,0.00215,0.002,3e-4,0.0024,0.00195,2e-4,0.26,0.0017333333,0.5407999896,-1.3470736479666092,-0.6147057734841522
E7.BROMAD.1,BROMAD,Bromus madritensis,Non-native,Grass,Annual,MR,5/17/23,E7,5,E,7,MCL,Control,108,0.0013,0.0011,8e-4,7e-4,8e-4,0.001,5e-4,9e-4,6e-4,8e-4,0.1,8.500000000000001e-4,0.0918,-2.3025850929940455,-2.388142981355692
F2.BROMAD.1,BROMAD,Bromus madritensis,Non-native,Grass,Annual,MH,5/17/23,F2,1,F,2,WWP,Control,278,0.0012,0.0014,0.0013,0.0012,0.0012,0.001,0.0012,0.0013,0.0011,0.007,0.24,0.00179,0.49761999999999995,-1.4271163556401458,-0.6979185454388365
F4.BROMAD.1,BROMAD,Bromus madritensis,Non-native,Grass,Annual,MR,5/17/23,F4,1,F,4,MCL,Control,1159,0.0017,9e-4,0.0015,0.0017,0.002,0.0022,0.0018,0.0016,0.0022,0.0015,0.83,0.00171,1.98189,-0.18632957819149348,0.684050934872183
F5.BROMAD.1,BROMAD,Bromus madritensis,Non-native,Grass,Annual,AS,5/17/23,F5,1,F,5,MCL,Control,925,5e-4,0.0014,5e-4,0.0013,2e-4,0.0022,5e-4,9e-4,0.0016,9e-4,0.61,0.001,0.925,-0.4942963218147801,-0.0779615414697118
F6.BROMAD.1,BROMAD,Bromus madritensis,Non-native,Grass,Annual,MF,5/17/23,F6,1,F,6,SEDG,Control,466,6e-4,7e-4,7e-4,1e-4,2e-4,2e-4,4e-4,1e-4,1e-4,5e-4,0.21,3.6e-4,0.16776000000000002,-1.5606477482646683,-1.7852208923884725
F7.BROMAD.1,BROMAD,Bromus madritensis,Non-native,Grass,Annual,MR,5/17/23,F7,1,F,7,WWP,Control,513,5e-4,8e-4,0.001,0.0011,9e-4,6e-4,0.0011,9e-4,9e-4,0.001,0.84,8.8e-4,0.45144,-0.1743533871447778,-0.7953128053212524
G2.BROMAD.1,BROMAD,Bromus madritensis,Non-native,Grass,Annual,AS,5/17/23,G2,2,G,2,MCL,Control,227,0.0019,2e-4,2e-4,0.0017,3e-4,0.0019,0.0016,0.0019,0.0016,0.0017,0.1,0.0013,0.2951,-2.3025850929940455,-1.2204409970332435
G3.BROMAD.1,BROMAD,Bromus madritensis,Non-native,Grass,Annual,SS,5/17/23,G3,2,G,3,SEDG,Control,407,7e-4,0.0016,0.0021,0.0011,0.0022,0.0022,0.0012,0.0016,9e-4,6e-4,0.46,0.00142,0.57794,-0.7765287894989963,-0.5482852219263726
G4.BROMAD.1,BROMAD,Bromus madritensis,Non-native,Grass,Annual,MH,5/17/23,G4,2,G,4,WWP,Control,151,5e-4,7e-4,4e-4,4e-4,4e-4,0.0016,0.0015,4e-4,4e-4,0.001,0.11,7.300000000000001e-4,0.11023000000000001,-2.2072749131897207,-2.205186187006913
G5.BROMAD.1,BROMAD,Bromus madritensis,Non-native,Grass,Annual,LT,5/17/23,G5,2,G,5,MCL,Control,161,0.0012,7e-4,3e-4,6e-4,6e-4,3e-4,8e-4,2e-4,0.001,7e-4,0.2,6.399999999999999e-4,0.10303999999999999,-1.6094379124341003,-2.2726380166260935
H1.BROMAD.1,BROMAD,Bromus madritensis,Non-native,Grass,Annual,AS,5/17/23,H1,3,H,1,SEDG,Control,176,0.0014,0.0011,0.0013,0.0018,0.0013,0.0015,0.0011,0.001,0.0013,0.0014,0.11,0.00132,0.23232,-2.2072749131897207,-1.4596395473457058
H3.BROMAD.1,BROMAD,Bromus madritensis,Non-native,Grass,Annual,AC,5/17/23,H3,3,H,3,WWP,Control,229,6e-4,9e-4,9e-4,0.001,0.0012,0.0013,0.0014,0.0013,0.0012,0.001,0.29,0.00108,0.24732,-1.2378743560016174,-1.397072234291769
H4.BROMAD.1,BROMAD,Bromus madritensis,Non-native,Grass,Annual,AS,5/17/23,H4,3,H,4,MCL,Control,306,6e-4,2e-4,7e-4,0.0023,5e-4,0.0023,4e-4,0.0021,0.0023,6e-4,0.25,0.0012,0.36719999999999997,-1.3862943611198906,-1.0018486202358017
H7.BROMAD.1,BROMAD,Bromus madritensis,Non-native,Grass,Annual,MH,5/17/23,H7,3,H,7,MCL,Control,263,0.0013,0.002,0.0018,9e-4,0.0021,0.0023,0.0021,0.0012,0.0011,0.0023,0.27,0.00171,0.44972999999999996,-1.3093333199837622,-0.7991078762898041
H8.BROMAD.1,BROMAD,Bromus madritensis,Non-native,Grass,Annual,AS,5/17/23,H8,3,H,8,SEDG,Control,863,2e-4,3e-4,7e-4,0.0029,0.0012,5e-4,8e-4,0.0012,0.0011,0.0014,0.54,0.0010299999999999999,0.8888899999999998,-0.616186139423817,-0.11778178565716488
I2.BROMAD.1,BROMAD,Bromus madritensis,Non-native,Grass,Annual,LT,5/17/23,I2,4,I,2,SEDG,Drought,1021,0.0011,5e-4,9e-4,0.001,0.001,8e-4,9e-4,7e-4,6e-4,9e-4,0.93,8.4e-4,0.8576400000000001,-0.07257069283483537,-0.15357084796224918
I3.BROMAD.1,BROMAD,Bromus madritensis,Non-native,Grass,Annual,MF,5/17/23,I3,4,I,3,WWP,Drought,1840,9e-4,5e-4,0.001,4e-4,8e-4,0.0011,6e-4,7e-4,3e-4,0.001,1.36,7.3e-4,1.3432,0.3074846997479607,0.295054826781194
J3.BROMAD.1,BROMAD,Bromus madritensis,Non-native,Grass,Annual,MR,5/17/23,J3,5,J,3,MCL,Drought,421,0.0022,9e-4,0.0026,0.0026,0.0012,0.0021,0.0026,0.0025,0.002,0.0024,0.58,0.00211,0.8883099999999999,-0.5447271754416722,-0.11843449781178059
J4.BROMAD.1,BROMAD,Bromus madritensis,Non-native,Grass,Annual,MH,5/17/23,J4,5,J,4,WWP,Drought,154,7e-4,9e-4,0.0012,0.0011,0.0011,9e-4,7e-4,0.001,7e-4,9e-4,0.07,9.2e-4,0.14168,-2.659260036932778,-1.9541842855075588
J5.BROMAD.1,BROMAD,Bromus madritensis,Non-native,Grass,Annual,AS,5/17/23,J5,5,J,5,SEDG,Drought,356,0.0017,0.0012,0.0013,0.0012,0.0012,0.0016,4e-4,0.0016,5e-4,7e-4,0.32,0.00114,0.40584,-1.1394342831883648,-0.9017962857237025
J7.BROMAD.1,BROMAD,Bromus madritensis,Non-native,Grass,Annual,AS,5/17/24,J7,5,J,7,WWP,Drought,2930,0.0011,0.0011,0.0016,0.0015,0.0019,0.0017,0.0012,6e-4,6e-4,0.0011,2.3,0.00124,3.6332,0.8329091229351039,1.2901138026459213
J8.BROMAD.1,BROMAD,Bromus madritensis,Non-native,Grass,Annual,JBL,5/17/23,J8,5,J,8,SEDG,Drought,522,0.0012,5e-4,9.4e-4,9e-4,6.5e-4,0.001025,0.0011,7e-4,6e-4,6e-4,0.42,8.215e-4,0.42882299999999995,-0.8675005677047231,-0.8467110326043127
I2.CALMEN.1,CALMEN,Calandrinia menziesii,Native,Forb,Annual,MR,5/11/23,I2,4,I,2,SEDG,Drought,186,0.0029,0.0019,0.0013,0.0027,0.0021,0.0027,0.0036,0.0018,0.0037,0.0035,1.2,0.00262,0.48732,0.1823215567939546,-0.7188342874959304
J8.CALMEN.1,CALMEN,Calandrinia menziesii,Native,Forb,Annual,MR,5/11/23,J8,5,J,8,SEDG,Drought,181,0.0106,0.0065,0.009,0.0136,0.0114,0.0107,0.0041,0.0035,0.0075,0.0046,3.19,0.00815,1.47515,1.1600209167967532,0.38875967953646
A2.CAUCOU.1,CAUCOU,Caulanthus coulteri,Native,Forb,Annual,LS,4/21/23,A2,1,A,2,WWP,Drought,2,0.0068,0.0058,NA,NA,NA,NA,NA,NA,NA,NA,0.1836,0.0063,0.0126,-1.6949958007957469,-4.374058465024705
A4.CAUCOU.1,CAUCOU,Caulanthus coulteri,Native,Forb,Annual,MH,5/11/23,A4,1,A,4,WWP,Drought,183,0.0088,0.0092,0.0078,0.0059,0.008,0.0073,0.0061,0.0082,0.0091,0.0094,7.73,0.007980000000000001,1.4603400000000002,2.0451088625993306,0.3786692853210014
A6.CENMEL.1,CENMEL,Centaurea melitensis,Non-native,Forb,Annual,SS,8/22/23,A6,1,A,6,SEDG,Drought,747,0.0758,0.1366,0.0382,0.0824,0.0611,0.105,0.0703,0.1221,0.0624,0.1337,49.76,0.08876,66.30372,3.907211448430924,4.194246004215073
A7.CENMEL.1,CENMEL,Centaurea melitensis,Non-native,Forb,Annual,JBL,8/22/23,A7,1,A,7,SEDG,Drought,657,0.089,0.0828,0.0751,0.0951,0.0269,0.1298,0.0565,0.1159,0.0898,0.08535,55.85,0.084625,55.598625000000006,4.02266952551521,4.018158470734913
B3.CENMEL.1,CENMEL,Centaurea melitensis,Non-native,Forb,Annual,AT,8/22/23,B3,2,B,3,SEDG,Drought,208,0.1632,0.1729,0.1826,0.2198,0.1787,0.2455,0.1222,0.2107,0.177,0.099,43.18,0.17716,36.84928,3.7653774250866614,3.6068360797741783
B6.CENMEL.1,CENMEL,Centaurea melitensis,Non-native,Forb,Annual,MR,8/22/23,B6,2,B,6,SEDG,Drought,699,0.101,0.1998,0.0966,0.1025,0.0692,0.1369,0.068,0.1217,0.1611,0.1563,65.63,0.12131,84.79569000000001,4.184032908485631,4.440244716034501
C2.CENMEL.1,CENMEL,Centaurea melitensis,Non-native,Forb,Annual,MH/MR,8/22/23,C2,3,C,2,SEDG,Drought,1871,0.1586,0.1828,0.2077,0.2207,0.11566,0.1843,0.1291,0.1099,0.1476,0.1241,77.02,0.158046,295.704066,4.344065128386763,5.689359177186621
D7.CENMEL.1,CENMEL,Centaurea melitensis,Non-native,Forb,Annual,AT,8/22/23,D7,4,D,7,SEDG,Control,343,0.1584,0.1386,0.1179,0.1896,0.1481,0.1469,0.1572,0.1087,0.0496,0.1415,33.04,0.13565,46.52795,3.497718948652777,3.8400532072887437
D8.CENMEL.1,CENMEL,Centaurea melitensis,Non-native,Forb,Annual,MR,8/22/23,D8,4,D,8,SEDG,Control,117,0.1637,0.0888,0.0965,0.0998,0.0852,0.0637,0.0971,0.1599,0.089,0.1141,7.96,0.10578,12.37626,2.0744289998562917,2.515780121453453
E5.CENMEL.1,CENMEL,Centaurea melitensis,Non-native,Forb,Annual,JBL,8/22/23,E5,5,E,5,SEDG,Control,535,0.1542,0.1079,0.0653,0.1305,0.119,0.0421,0.0802,0.1498,0.1046,0.0453,23.4,0.09988999999999999,53.44114999999999,3.152736022363656,3.9785810484579276
E6.CENMEL.1,CENMEL,Centaurea melitensis,Non-native,Forb,Annual,LT,8/22/23,E6,5,E,6,SEDG,Control,330,0.0421,0.0708,0.0933,0.0996,0.1024,0.1271,0.1115,0.0761,0.1347,0.1768,22.71,0.10344,34.135200000000005,3.122805356117467,3.530329109941991
F6.CENMEL.1,CENMEL,Centaurea melitensis,Non-native,Forb,Annual,LT,8/22/23,F6,1,F,6,SEDG,Control,390,0.1373,0.1334,0.1641,0.1565,0.1321,0.1428,0.1535,0.1589,0.1422,0.1633,14.73,0.14841,57.87989999999999,2.689886230474539,4.058370174049282
G3.CENMEL.1,CENMEL,Centaurea melitensis,Non-native,Forb,Annual,SS,8/22/24,G3,2,G,3,SEDG,Control,246,0.055,0.0638,0.1381,0.1799,NA,NA,NA,NA,NA,NA,9.36,0.1092,26.863200000000003,2.2364452904895007,3.2907573202610307
H1.CENMEL.1,CENMEL,Centaurea melitensis,Non-native,Forb,Annual,JBL,8/22/24,H1,3,H,1,SEDG,Control,685,0.1565,0.1115,0.196,0.1071,0.2409,0.0966,0.1834,0.2146,0.1819,0.1281,17.17,0.16166,110.7371,2.843163674909384,4.707158923585786
H8.CENMEL.1,CENMEL,Centaurea melitensis,Non-native,Forb,Annual,AS,8/22/23,H8,3,H,8,SEDG,Control,1046,0.1552,0.1898,0.1539,0.1311,0.1824,0.213,0.1868,0.1167,0.1052,0.0963,48.73,0.15304,160.07984000000002,3.8862948568554145,5.075672690774729
I2.CENMEL.1,CENMEL,Centaurea melitensis,Non-native,Forb,Annual,AS,8/22/23,I2,4,I,2,SEDG,Drought,237,0.0232,0.0714,0.0543,0.079,0.0317,0.0642,0.0213,0.0887,0.021,0.0196,4.76,0.04744,11.24328,1.5602476682433286,2.419770616842464
J8.CENMEL.1,CENMEL,Centaurea melitensis,Non-native,Forb,Annual,MF,8/22/23,J8,5,J,8,SEDG,Drought,654,0.1094,0.0644,0.1067,0.0865,0.0932,0.1214,0.10780000000000001,0.0949,0.1323,0.1284,50.53,0.1045,68.343,3.9225672193038172,4.224539143879928
A1.DAUPUS.1,DAUPUS,Daucus pusillus,Native,Forb,Annual,MF & AS,8/3/23,A1,1,A,1,ANGELO,Drought,278,7e-4,3.5e-4,4e-4,2e-4,2.5e-4,2e-5,8e-4,7.5e-5,3e-4,1.67e-4,0.57,3.262e-4,0.0906836,-0.5621189181535413,-2.4003787540867236
A3.DAUPUS.1,DAUPUS,Daucus pusillus,Native,Forb,Annual,JBL,8/3/23,A3,1,A,3,BORR,Drought,1120,4.5e-4,5e-4,4.2e-4,3.4e-4,3.33333e-4,3.4e-4,4.6e-4,4e-4,4e-4,4e-4,2.48,4.043333e-4,0.45285329599999996,0.9082585601768908,-0.7921870558394277
B1.DAUPUS.1,DAUPUS,Daucus pusillus,Native,Forb,Annual,MF,6/12/23,B1,2,B,1,BORR,Drought,96,2e-4,1e-4,1e-4,3e-4,2e-4,3e-4,3e-4,1e-4,1e-4,1e-4,0.15,1.7999999999999998e-4,0.017279999999999997,-1.8971199848858813,-4.058205515606228
C4.DAUPUS.1,DAUPUS,Daucus pusillus,Native,Forb,Annual,MF,8/3/23,C4,3,C,4,BORR,Drought,248,3.5e-4,5.5e-4,2e-4,6e-4,5e-4,2e-5,2.5e-5,1e-4,7e-4,7e-4,0.44,3.745e-4,0.092876,-0.8209805520698302,-2.3764900088420178
C8.DAUPUS.1,DAUPUS,Daucus pusillus,Native,Forb,Annual,MR,6/12/23,C8,3,C,8,ANGELO,Drought,3804,2e-4,3.5e-4,5e-4,4e-4,6e-4,9e-4,4e-4,2e-4,2e-4,2e-4,7.02,3.95e-4,1.50258,1.9487632180377197,0.4071836306021287
D6.DAUPUS.1,DAUPUS,Daucus pusillus,Native,Forb,Annual,AS,8/3/23,D6,4,D,6,BORR,Control,98,1.75e-4,1.6e-4,1.75e-4,3e-4,4e-4,7e-4,3e-4,4e-4,2.3e-4,0.0016,0.14,4.44e-4,0.043512,-1.9661128563728327,-3.1347185168614775
E1.DAUPUS.1,DAUPUS,Daucus pusillus,Native,Forb,Annual,JBL,8/3/23,E1,5,E,1,ANGELO,Control,722,5.5e-4,5.33333e-4,6.4e-4,4.2e-4,5.66667e-4,4.6e-4,6.75e-4,5.33333e-4,0.001,3.33333e-4,0.78,5.711666e-4,0.4123822852,-0.2484613592984996,-0.8858044831450643
E3.DAUPUS.1,DAUPUS,Daucus pusillus,Native,Forb,Annual,MF,8/3/23,E3,5,E,3,ANGELO,Control,788,1.5e-4,1e-4,2e-4,5e-5,3.5e-4,1e-4,2e-4,2e-4,2e-4,2e-4,1.35,1.75e-4,0.1379,0.30010459245033816,-1.981226494182881
G7.DAUPUS.1,DAUPUS,Daucus pusillus,Native,Forb,Annual,AS/JBL,8/3/23,G7,2,G,7,ANGELO,Control,2949,3e-4,2e-4,1e-4,1e-4,5.5e-4,2e-4,3e-4,1e-4,5e-4,1e-4,5.26,2.45e-4,0.722505,1.6601310267496185,-0.32503093860427096
I8.DAUPUS.1,DAUPUS,Daucus pusillus,Native,Forb,Annual,AS,5/31/23,I8,4,I,8,ANGELO,Drought,71,7e-4,2e-4,4e-4,5e-4,0.0016,4e-4,2e-4,3e-4,4.5e-4,1e-4,0.39,4.85e-4,0.034435,-0.941608539858445,-3.3686817899854753
J1.DAUPUS.1,DAUPUS,Daucus pusillus,Native,Forb,Annual,JBL,8/3/23,J1,5,J,1,BORR,Drought,164,3e-4,4e-4,4e-4,4.25e-4,NA,NA,NA,NA,NA,NA,0.22,3.8124999999999997e-4,0.062525,-1.5141277326297755,-2.772188802218454
A5.ELYCAP.1,ELYCAP,Elymus caput-medusae,Non-native,Grass,Annual,MH,5/26/23,A5,1,A,5,MCL,Drought,36,0.0036,0.0022,0.0042,0.0039,0.0039,0.0024,0.0037,0.0021,0.002,0.0021,0.34,0.00301,0.10836,-1.0788096613719298,-2.222296261765243
A8.ELYCAP.1,ELYCAP,Elymus caput-medusae,Non-native,Grass,Annual,MH,5/26/23,A8,1,A,8,MCL,Drought,81,0.0055,0.0056,0.0053,0.0059,0.006,0.006,0.0058,0.0056,0.0065,0.0042,0.66,0.00564,0.45684,-0.4155154439616658,-0.7834220587997307
B2.ELYCAP.1,ELYCAP,Elymus caput-medusae,Non-native,Grass,Annual,MR,5/26/23,B2,2,B,2,MCL,Drought,991,0.0075,0.0049,0.0057,0.0073,0.0043,0.0079,0.0043,0.0037,0.0033,0.0054,10.15,0.00543,5.38113,2.3174737054877963,1.682898389293695
B5.ELYCAP.1,ELYCAP,Elymus caput-medusae,Non-native,Grass,Annual,JBL,6/12/24,B5,2,B,5,MCL,Drought,546,0.0053,0.0062,0.006,0.0056,0.0057,0.0066,0.005,0.0057,0.0058,0.0062,4.25,0.00581,3.17226,1.4469189829363254,1.1544442676265878
C1.ELYCAP.1,ELYCAP,Elymus caput-medusae,Non-native,Grass,Annual,MR,5/26/23,C1,3,C,1,MCL,Drought,257,0.0053,0.0053,0.0059,0.0061,0.0058,0.0062,0.0034,0.0066,0.0063,0.0064,2.05,0.00573,1.47261,0.7178397931503168,0.3870363366397309
D4.ELYCAP.1,ELYCAP,Elymus caput-medusae,Non-native,Grass,Annual,LT,5/26/23,D4,4,D,4,MCL,Control,326,0.0043,0.004,0.004,0.0042,0.0036,0.0032,0.0042,0.004,0.0041,0.0035,1.82,0.00391,1.2746600000000001,0.598836501088704,0.2426794763818451
E7.ELYCAP.1,ELYCAP,Elymus caput-medusae,Non-native,Grass,Annual,AT,5/26/23,E7,5,E,7,MCL,Control,163,0.0027,0.0043,0.0043,0.0044,0.003,0.0046,0.0048,0.0047,0.0048,0.0045,1.15,0.00421,0.68623,0.13976194237515863,-0.37654243048108466
F4.ELYCAP.1,ELYCAP,Elymus caput-medusae,Non-native,Grass,Annual,JBL,12/2/23,F4,1,F,4,MCL,Control,1055,0.0032,0.0059,0.0033,0.0024,0.0037,0.0028,0.0019,0.0064,0.003,0.0076,5.43,0.00402,4.2411,1.691939133945844,1.4448226695589597
F5.ELYCAP.1,ELYCAP,Elymus caput-medusae,Non-native,Grass,Annual,JBL,6/12/23,F5,1,F,5,MCL,Control,126,0.0042,0.0017,0.0048,0.0021,0.0035,0.0033,0.0045,0.0039,0.0037,0.0043,0.97,0.0036,0.4536,-0.030459207484708574,-0.7905395265685947
G2.ELYCAP.1,ELYCAP,Elymus caput-medusae,Non-native,Grass,Annual,OH,8/23/23,G2,2,G,2,MCL,Control,1032,0.0044,0.0032,0.0022,0.0038,0.0045,0.0025,0.004,0.0031,0.0025,0.0033,5.61,0.00335,3.4572000000000003,1.724550719534605,1.2404590128963462
G5.ELYCAP.1,ELYCAP,Elymus caput-medusae,Non-native,Grass,Annual,LT,8/23/23,G5,2,G,5,MCL,Control,473,0.0048,0.0048,0.0047,0.0049,0.0044,0.0042,0.0052,0.0051,0.005,0.0047,2.28,0.0047799999999999995,2.2609399999999997,0.8241754429663494,0.8157806560131604
H4.ELYCAP.1,ELYCAP,Elymus caput-medusae,Non-native,Grass,Annual,JBL,6/12/23,H4,3,H,4,MCL,Control,117,0.0035,0.0038,0.0049,0.0046,0.0037,0.004,0.0045,0.0051,0.0034,0.0052,0.67,0.00427,0.49959000000000003,-0.40047756659712525,-0.6939675169438477
H7.ELYCAP.1,ELYCAP,Elymus caput-medusae,Non-native,Grass,Annual,LT,5/26/23,H7,3,H,7,MCL,Control,494,0.0044,0.004,0.0039,0.0039,0.0039,0.0024,0.0039,0.0046,0.0031,0.0041,2.91,0.00382,1.88708,1.0681530811834012,0.6350306608242693
I7.ELYCAP.1,ELYCAP,Elymus caput-medusae,Non-native,Grass,Annual,JBL,8/23/24,I7,4,I,7,MCL,Drought,1081,0.0056,0.0036,0.0056,0.0052,0.0048,0.0028,0.0062,0.0057,0.0054,0.0059,13.67,0.00508,5.49148,2.6152036507358583,1.7031978002474617
J3.ELYCAP.1,ELYCAP,Elymus caput-medusae,Non-native,Grass,Annual,MH,8/23/23,J3,5,J,3,MCL,Drought,423,0.0055,0.0048,0.0057,0.0049,0.0051,0.0041,0.005,0.0046,0.0055,0.0062,2.49,0.00514,2.17422,0.9122827104766164,0.7766699795312146
J6.ELYCAP.1,ELYCAP,Elymus caput-medusae,Non-native,Grass,Annual,MH,8/23/23,J6,5,J,6,MCL,Drought,1797,0.0029,0.0034,0.007,0.0078,0.0085,0.0077,0.0038,0.0073,0.0037,0.0026,9.25,0.00547,9.82959,2.224623551524334,2.2853972242353118
A3.EROBOT.1,EROBOT,Erodium botrys,Non-native,Forb,Annual,NJ,5/27/23,A3,1,A,3,BORR,Drought,357,0.0135,0.006,0.0062,0.0086,0.006,0.0063,0.0032,0.0066,0.0047,0.0058,18.65,0.00669,2.38833,2.9258461460898246,0.8705943769376391
B5.EROBOT.1,EROBOT,Erodium botrys,Non-native,Forb,Annual,JBL,5/26/2023+8/23/23,B5,2,B,5,MCL,Drought,451,0.0067,NA,NA,NA,NA,NA,NA,NA,NA,NA,16.61,0.0067,3.0217,2.8100049236252036,1.1058195869174616
F3.EROBOT.1,EROBOT,Erodium botrys,Non-native,Forb,Annual,JBL,7/19/23,F3,1,F,3,BORR,Control,283,0.0066,NA,NA,NA,NA,NA,NA,NA,NA,NA,13.07,0.0066,1.8678,2.570319527636131,0.6247612676934804
F8.EROBOT.1,EROBOT,Erodium botrys,Non-native,Forb,Annual,LT,7/19/23,F8,1,F,8,BORR,Control,116,0.0048,0.0027,0.0052,0.0063,0.0033,0.0054,0.0055,0.0058,0.0055,0.0043,6.49,0.00488,0.56608,1.8702625307159986,-0.5690198680107166
G5.EROBOT.1,EROBOT,Erodium botrys,Non-native,Forb,Annual,LT,7/19/23,G5,2,G,5,MCL,Control,340,0.0035,0.0056,0.005,0.0071,0.0051,0.0057,0.0098,0.0056,0.0064,0.0061,15.6,0.0059900000000000005,2.0366,2.747270914255491,0.711281750755428
G8.EROBOT.1,EROBOT,Erodium botrys,Non-native,Forb,Annual,AT,7/19/23,G8,2,G,8,BORR,Control,26,0.0052,0.0074,NA,NA,NA,NA,NA,NA,NA,NA,1.01,0.0063,0.1638,0.009950330853168092,-1.809109107563168
H7.EROBOT.1,EROBOT,Erodium botrys,Non-native,Forb,Annual,AT,7/19/23,H7,3,H,7,MCL,Control,204,0.0082,0.0058,0.0047,0.0078,0.0038,0.0048,0.0059,0.0074,0.0043,0.005,9.43,0.00577,1.17708,2.2438960966453663,0.16303679538208746
J1.EROBOT.1,EROBOT,Erodium botrys,Non-native,Forb,Annual,SS,8/23/23,J1,5,J,1,BORR,Drought,508,0.0045,0.0064,0.0051,0.0053,0.0076,0.0067,0.0095,0.0059,0.0054,0.0063,21.59,0.00627,3.18516,3.072230244526716,1.1585025232411743
J3.EROBOT.1,EROBOT,Erodium botrys,Non-native,Forb,Annual,AT,7/19/23,J3,5,J,3,MCL,Drought,12,0.0064,0.0042,0.0133,0.0078,NA,NA,NA,NA,NA,NA,0.28,0.007925,0.09509999999999999,-1.2729656758128873,-2.3528263094307924
A4.EROCIC.1,EROCIC,Erodium cicutarium,Non-native,Forb,Annual,IH,6/14/23,A4,1,A,4,WWP,Drought,22,0.0015,0.0024,0.0028,0.0038,0.0019,NA,NA,NA,NA,NA,0.34,0.00248,0.05456,-1.0788096613719298,-2.9084542654469305
A6.EROCIC.1,EROCIC,Erodium cicutarium,Non-native,Forb,Annual,MR,7/19/23,A6,1,A,6,SEDG,Drought,315,0.0023,0.0013,0.0013,0.0013,0.0016,0.0019,0.0019,0.0027,0.0021,0.0021,2.49,0.00185,0.58275,0.9122827104766164,-0.5399970010662706
B8.EROCIC.1,EROCIC,Erodium cicutarium,Non-native,Forb,Annual,MF,7/19/23,B8,2,B,8,WWP,Drought,831,0.0017,0.0037,0.0044,0.0041,0.03,0.0031,0.0028,0.0019,0.0011,0.0027,5.99,0.00555,4.61205,1.7900914121273581,1.5286724436316543
E5.EROCIC.1,EROCIC,Erodium cicutarium,Non-native,Forb,Annual,MF,7/19/23,E5,5,E,5,SEDG,Control,432,0.0019,0.0013,0.0018,0.0024,0.0022,0.0016,0.0027,3e-4,0.0016,0.0019,2.28,0.00177,0.76464,0.8241754429663494,-0.26835014415228897
F2.EROCIC.1,EROCIC,Erodium cicutarium,Non-native,Forb,Annual,MF,5/31/23,F2,1,F,2,WWP,Control,231,0.0018,0.0027,0.0015,0.0033,0.0028,0.0025,0.0026,0.0024,0.0022,0.0019,2.2,0.00237,0.54747,0.7884573603642703,-0.6024476133133037
G3.EROCIC.1,EROCIC,Erodium cicutarium,Non-native,Forb,Annual,IH,7/19/23,G3,2,G,3,SEDG,Control,375,0.0029,0.0042,0.0043,0.0027,0.0029,0.0034,0.0028,0.0031,0.0055,0.0023,3.62,0.00341,1.2787499999999998,1.2864740258376797,0.24588303828369906
H3.EROCIC.1,EROCIC,Erodium cicutarium,Non-native,Forb,Annual,NA,7/19/23,H3,3,H,3,WWP,Control,592,0.0038,0.0027,0.0022,0.0025,0.0031,0.0033,0.0018,0.0026,0.0015,0.0033,15.89,0.00268,1.58656,2.7656899805486246,0.46156815042463395
I3.EROCIC.1,EROCIC,Erodium cicutarium,Non-native,Forb,Annual,AC,7/19/23,I3,4,I,3,WWP,Drought,409,0.0019,0.0033,0.0037,0.0022,0.0023,0.0017,0.0015,0.0017,0.0014,0.0019,4.58,0.00216,0.88344,1.5216989981260935,-0.12393190124326167
J4.EROCIC.1,EROCIC,Erodium cicutarium,Non-native,Forb,Annual,AC,5/31/23,J4,5,J,4,WWP,Drought,8,0.0026,0.0021,0.0015,0.0018,NA,NA,NA,NA,NA,NA,0.1017,0.002,0.016,-2.285727975927623,-4.135166556742356
J5.EROCIC.1,EROCIC,Erodium cicutarium,Non-native,Forb,Annual,AC,7/19/23,J5,5,J,5,SEDG,Drought,152,0.0032,0.0022,0.0019,0.0026,0.0015,0.0028,0.0024,0.0027,0.0025,0.0017,1.55,0.00235,0.3572,0.4382549309311553,-1.029459429979793
J7.EROCIC.1,EROCIC,Erodium cicutarium,Non-native,Forb,Annual,AC,6/14/23,J7,5,J,7,WWP,Drought,36,0.0019,0.0017,0.0018,0.0035,0.0024,0.0025,0.0028,0.0021,0.0013,0.0018,0.2064,0.00218,0.07848000000000001,-1.5779392453747294,-2.5449114637250294
A4.ESCCAL.1,ESCCAL,Eschscholzia californica,Native,Forb,Perennial,LS,4/13/23,A4,1,A,4,WWP,Drought,1,0.0371,NA,NA,NA,NA,NA,NA,NA,NA,NA,0.2086,0.0371,0.0371,-1.567336736415465,-3.2941383093687477
A1.GALPAR.1,GALPAR,Galium parisiense,Non-native,Forb,Annual,JBL,8/23/23,A1,1,A,1,ANGELO,Drought,199,1.5e-4,1.5e-4,1.625e-4,1.875e-4,2e-4,2e-4,2e-4,1.66667e-4,2.2e-4,2.16667e-4,0.07,1.853334e-4,0.0368813466,-2.659260036932778,-3.3000493679451433
B4.GALPAR.1,GALPAR,Galium parisiense,Non-native,Forb,Annual,MR,5/31/23,B4,2,B,4,ANGELO,Drought,643,1.5e-4,1.4e-4,1.3e-4,2.4e-4,1.25e-4,1.5e-4,8e-5,1.16667e-4,1.33333e-4,1.4e-4,0.23,1.405e-4,0.0903415,-1.4696759700589417,-2.404158344952854
C3.GALPAR.1,GALPAR,Galium parisiense,Non-native,Forb,Annual,JBL,8/23/23,C3,3,C,3,ANGELO,Drought,1295,1.63636e-4,1.125e-4,1.5e-4,1.7e-4,7.14286e-5,1.22222e-4,1e-4,1.44444e-4,1.5e-4,1.125e-4,0.55,1.2967306e-4,0.1679266127,-0.5978370007556204,-1.7842282241831995
E1.GALPAR.1,GALPAR,Galium parisiense,Non-native,Forb,Annual,CC,NA,E1,5,E,1,ANGELO,Control,1162,1.19e-4,1.3e-4,1.17e-4,1.5e-4,1.05e-4,1.18e-4,1.17e-4,1.2e-4,1.5e-4,9.23e-5,0.24,1.2182999999999999e-4,0.14156645999999998,-1.4271163556401458,-1.9549859901861015
E3.GALPAR.1,GALPAR,Galium parisiense,Non-native,Forb,Annual,JBL,5/31/23,E3,5,E,3,ANGELO,Control,143,8.33333e-5,6.66667e-5,7.5e-5,6.66667e-5,1e-4,1.2e-4,4.28571e-5,1e-4,4e-5,1.14286e-4,0.04,8.088098e-5,0.01156598014,-3.2188758248682006,-4.459687236349435
F1.GALPAR.1,GALPAR,Galium parisiense,Non-native,Forb,Annual,JBL,6/21/23,F1,1,F,1,ANGELO,Control,423,1.5e-4,1e-4,1.375e-4,1.4e-4,1.33333e-4,8.57143e-5,1.125e-4,1e-4,1.11111e-4,1.25e-4,0.15,1.1951583e-4,0.05055519609,-1.8971199848858813,-2.9846895477003765
G6.GALPAR.1,GALPAR,Galium parisiense,Non-native,Forb,Annual,JBL,6/21/23,G6,2,G,6,ANGELO,Control,1501,1.33333e-4,1.42857e-4,1.18182e-4,1.09091e-4,1.16667e-4,1.57143e-4,1.28571e-4,1.3125e-4,1e-4,1.71429e-4,0.45,1.308523e-4,0.1964093023,-0.7985076962177716,-1.6275545201304598
G7.GALPAR.1,GALPAR,Galium parisiense,Non-native,Forb,Annual,AT,6/21/32,G7,2,G,7,ANGELO,Control,847,7.5e-5,2.5e-5,7.5e-5,5e-5,6e-5,5e-5,1e-4,8.33333e-6,6.66667e-6,8e-5,0.16,5.3e-5,0.044891,-1.8325814637483102,-3.1035179497600978
H2.GALPAR.1,GALPAR,Galium parisiense,Non-native,Forb,Annual,JBL,6/21/23,H2,3,H,2,ANGELO,Control,408,0.001444444,1e-4,0.001333333,7.14286e-5,1e-4,1.375e-4,1.14286e-4,2e-4,1.14286e-4,5e-5,0.1,3.6652776e-4,0.14954332608,-2.3025850929940455,-1.90016912158202
H6.GALPAR.1,GALPAR,Galium parisiense,Non-native,Forb,Annual,MR,6/21/23,H6,3,H,6,ANGELO,Control,133,1.1e-4,8.33333e-5,1.5e-4,7.14286e-5,8.33333e-5,1.375e-4,1.125e-4,1.375e-4,1.33333e-4,1e-4,0.05,1.1189282e-4,0.01488174506,-2.995732273553991,-4.207619980915795
I5.GALPAR.1,GALPAR,Galium parisiense,Non-native,Forb,Annual,MR,8/23/23,I5,4,I,5,ANGELO,Drought,1225,1.71429e-4,0.001333333,1.22222e-4,1.4e-4,1.14286e-4,1.2e-4,1.125e-4,1.5e-4,1.42857e-4,1.4e-4,0.22,2.546627e-4,0.31196180749999997,-1.5141277326297755,-1.1648745105245724
I6.GALPAR.1,GALPAR,Galium parisiense,Non-native,Forb,Annual,JBL,5/31/23,I6,4,I,6,ANGELO,Drought,209,1.8e-4,1.8e-4,1.83333e-4,2.33333e-4,1.5e-4,6.66667e-5,1.85714e-4,2e-4,2.2e-4,1.57143e-4,0.09,1.7561897e-4,0.03670436473,-2.4079456086518722,-3.304859601020469
J2.GALPAR.1,GALPAR,Galium parisiense,Non-native,Forb,Annual,JBL,6/21/23,J2,5,J,2,ANGELO,Drought,179,1.42857e-4,1.16667e-4,1.14286e-4,1.25e-4,1.33333e-4,1.125e-4,1.28571e-4,1.25e-4,1e-4,1.25e-4,0.06,1.223214e-4,0.0218955306,-2.8134107167600364,-3.821472745179067
I8.HYPGLA.1,HYPGLA,Hypochaeris glabra,Non-native,Forb,Annual,LS,6/21/23,I8,4,I,8,ANGELO,Drought,3,0.0499,0.027,NA,NA,NA,NA,NA,NA,NA,NA,0.069,0.03845,0.11535,-2.6736487743848776,-2.1597842943623746
A3.VICSAT.1,VICSAT,Vicia sativa,Non-native,Forb,Annual,CM,5/21/23,A3,1,A,3,BORR,Drought,213,0.0115,0.0088,0.0092,0.0075,0.0077,0.0071,0.0113,0.0117,0.0103,0.0103,34.04,0.00954,2.03202,3.5275363037051735,0.7090303721874833
B1.VICSAT.1,VICSAT,Vicia sativa,Non-native,Forb,Annual,OL,5/21/23,B1,2,B,1,BORR,Drought,89,0.0083,0.007,0.0077,0.0136,0.0088,0.0053,0.007,0.0078,NA,NA,14.61,0.0081875,0.7286875,2.681706225762608,-0.31651030828862686
C5.VICSAT.1,VICSAT,Vicia sativa,Non-native,Forb,Annual,OL,5/21/23,C5,3,C,5,BORR,Drought,168,0.0126,0.0098,0.0147,NA,NA,NA,NA,NA,NA,NA,27.89,0.012366666666666666,2.0776,3.3282682016393976,0.7312133813664016
D6.VICSAT.1,VICSAT,Vicia sativa,Non-native,Forb,Annual,OL,5/22/23,D6,4,D,6,BORR,Control,82,0.008,0.0075,0.0079,0.0073,0.0079,0.009,0.007,0.0054,NA,NA,16.4,0.0075,0.615,2.797281334830153,-0.4861330111756192
E8.VICSAT.1,VICSAT,Vicia sativa,Non-native,Forb,Annual,OH,5/22/23,E8,5,E,8,BORR,Control,130,0.0036,0.0044,0.0044,0.0045,0.0033,0.0046,0.0036,0.0063,0.0038,0.0039,16.82,0.00424,0.5512,2.822568654544802,-0.5956575592826882
F8.VICSAT.1,VICSAT,Vicia sativa,Non-native,Forb,Annual,OH,5/22/23,F8,1,F,8,BORR,Control,22,0.0073,0.0093,NA,NA,NA,NA,NA,NA,NA,NA,3.48,0.0083,0.1826,1.247032293786383,-1.7004573108212688
G1.VICSAT.1,VICSAT,Vicia sativa,Non-native,Forb,Annual,OL,5/22/23,G1,2,G,1,BORR,Control,133,0.0091,0.0112,0.0062,0.0073,0.0091,0.0056,0.0057,0.0065,0.0064,0.0059,29.62,0.0073,0.9709,3.3884498088396526,-0.029531802606037858
H5.VICSAT.1,VICSAT,Vicia sativa,Non-native,Forb,Annual,CM,?,H5,3,H,5,BORR,Control,91,0.0096,0.0083,0.0065,0.008,0.008,0.0085,0.0089,0.0084,0.0083,0.0071,13.18,0.00816,0.7425600000000001,2.578700529074361,-0.2976516034892712
I4.VICSAT.1,VICSAT,Vicia sativa,Non-native,Forb,Annual,OH,5/22/23,I4,4,I,4,BORR,Drought,120,0.0074,0.0072,0.0084,0.0114,0.009,0.0096,0.0087,0.0063,0.0068,NA,20.62,0.008311111111111111,0.9973333333333333,3.026261478588814,-0.0026702285558789208
